key|value
0|cert:Tipo B;score:62
1|cert:Tipo B;score:90
2|cert:Tipo C;score:45
3|cert:Tipo A;score:32
4|cert:Tipo A;score:80
5|cert:Não Certificado;score:30
6|cert:Tipo C;score:68
7|cert:Tipo B;score:89
8|cert:Tipo B;score:80
9|cert:Tipo B;score:60
10|cert:Tipo A;score:66
11|cert:Tipo C;score:28
12|cert:Tipo C;score:88
13|cert:Não Certificado;score:99
14|cert:Não Certificado;score:95
15|cert:Não Certificado;score:39
16|cert:Tipo B;score:52
17|cert:Não Certificado;score:53
18|cert:Tipo A;score:24
19|cert:Tipo C;score:35
20|cert:Não Certificado;score:8
21|cert:Tipo B;score:81
22|cert:Tipo B;score:76
23|cert:Tipo B;score:30
24|cert:Tipo B;score:7
25|cert:Tipo C;score:28
26|cert:Tipo B;score:36
27|cert:Tipo A;score:63
28|cert:Tipo A;score:49
29|cert:Tipo A;score:76
30|cert:Tipo C;score:38
31|cert:Tipo C;score:78
32|cert:Tipo B;score:4
33|cert:Não Certificado;score:17
34|cert:Tipo A;score:49
35|cert:Tipo B;score:53
36|cert:Não Certificado;score:96
37|cert:Tipo A;score:13
38|cert:Tipo C;score:93
39|cert:Tipo C;score:38
40|cert:Tipo B;score:25
41|cert:Tipo A;score:23
42|cert:Tipo B;score:95
43|cert:Tipo B;score:64
44|cert:Não Certificado;score:34
45|cert:Tipo B;score:21
46|cert:Tipo B;score:80
47|cert:Tipo A;score:29
48|cert:Tipo B;score:31
49|cert:Tipo B;score:21
50|cert:Não Certificado;score:31
51|cert:Tipo A;score:78
52|cert:Tipo C;score:30
53|cert:Não Certificado;score:50
54|cert:Tipo C;score:93
55|cert:Tipo C;score:14
56|cert:Tipo B;score:48
57|cert:Não Certificado;score:75
58|cert:Tipo A;score:66
59|cert:Tipo B;score:58
60|cert:Tipo A;score:87
61|cert:Não Certificado;score:64
62|cert:Tipo C;score:45
63|cert:Tipo C;score:90
64|cert:Tipo B;score:47
65|cert:Tipo C;score:8
66|cert:Tipo C;score:8
67|cert:Não Certificado;score:54
68|cert:Não Certificado;score:73
69|cert:Tipo B;score:82
70|cert:Não Certificado;score:43
71|cert:Tipo C;score:54
72|cert:Tipo B;score:93
73|cert:Tipo C;score:69
74|cert:Tipo B;score:21
75|cert:Tipo B;score:60
76|cert:Tipo A;score:69
77|cert:Não Certificado;score:69
78|cert:Não Certificado;score:56
79|cert:Não Certificado;score:65
80|cert:Tipo B;score:32
81|cert:Tipo A;score:13
82|cert:Tipo C;score:19
83|cert:Tipo C;score:63
84|cert:Tipo B;score:3
85|cert:Tipo C;score:81
86|cert:Tipo A;score:23
87|cert:Tipo A;score:12
88|cert:Tipo B;score:81
89|cert:Não Certificado;score:86
90|cert:Tipo A;score:96
91|cert:Tipo B;score:70
92|cert:Tipo C;score:64
93|cert:Tipo A;score:36
94|cert:Não Certificado;score:42
95|cert:Tipo A;score:19
96|cert:Tipo B;score:28
97|cert:Não Certificado;score:56
98|cert:Tipo A;score:29
99|cert:Tipo C;score:85
100|cert:Tipo B;score:4
101|cert:Tipo C;score:88
102|cert:Não Certificado;score:62
103|cert:Não Certificado;score:15
104|cert:Tipo B;score:44
105|cert:Tipo B;score:76
106|cert:Não Certificado;score:10
107|cert:Tipo B;score:98
108|cert:Não Certificado;score:91
109|cert:Tipo B;score:75
110|cert:Tipo B;score:20
111|cert:Tipo C;score:43
112|cert:Tipo B;score:17
113|cert:Tipo C;score:53
114|cert:Tipo A;score:5
115|cert:Tipo A;score:56
116|cert:Tipo A;score:38
117|cert:Tipo B;score:40
118|cert:Tipo C;score:75
119|cert:Não Certificado;score:1
120|cert:Tipo B;score:56
121|cert:Tipo B;score:50
122|cert:Tipo B;score:93
123|cert:Tipo B;score:85
124|cert:Tipo B;score:6
125|cert:Tipo A;score:40
126|cert:Não Certificado;score:65
127|cert:Não Certificado;score:11
128|cert:Tipo B;score:26
129|cert:Não Certificado;score:52
130|cert:Tipo C;score:59
131|cert:Tipo A;score:90
132|cert:Tipo A;score:20
133|cert:Não Certificado;score:74
134|cert:Tipo B;score:75
135|cert:Tipo A;score:99
136|cert:Tipo B;score:75
137|cert:Tipo B;score:25
138|cert:Tipo A;score:23
139|cert:Tipo A;score:56
140|cert:Tipo C;score:39
141|cert:Tipo B;score:0
142|cert:Tipo A;score:95
143|cert:Tipo B;score:38
144|cert:Tipo B;score:41
145|cert:Tipo A;score:78
146|cert:Tipo C;score:5
147|cert:Não Certificado;score:76
148|cert:Não Certificado;score:43
149|cert:Tipo A;score:85
150|cert:Não Certificado;score:4
151|cert:Não Certificado;score:41
152|cert:Tipo B;score:6
153|cert:Tipo A;score:76
154|cert:Tipo C;score:0
155|cert:Tipo C;score:22
156|cert:Tipo A;score:76
157|cert:Tipo A;score:36
158|cert:Tipo A;score:32
159|cert:Não Certificado;score:7
160|cert:Tipo B;score:72
161|cert:Não Certificado;score:4
162|cert:Tipo C;score:50
163|cert:Tipo A;score:47
164|cert:Tipo C;score:90
165|cert:Tipo B;score:96
166|cert:Tipo A;score:30
167|cert:Tipo C;score:5
168|cert:Tipo B;score:84
169|cert:Não Certificado;score:37
170|cert:Não Certificado;score:63
171|cert:Tipo C;score:0
172|cert:Tipo A;score:8
173|cert:Tipo A;score:75
174|cert:Tipo C;score:20
175|cert:Tipo C;score:67
176|cert:Tipo B;score:37
177|cert:Tipo B;score:42
178|cert:Não Certificado;score:26
179|cert:Não Certificado;score:82
180|cert:Não Certificado;score:95
181|cert:Tipo C;score:38
182|cert:Não Certificado;score:93
183|cert:Tipo A;score:83
184|cert:Tipo B;score:52
185|cert:Tipo C;score:16
186|cert:Tipo B;score:4
187|cert:Tipo A;score:96
188|cert:Não Certificado;score:53
189|cert:Tipo A;score:96
190|cert:Tipo C;score:99
191|cert:Tipo C;score:95
192|cert:Tipo B;score:75
193|cert:Tipo A;score:21
194|cert:Não Certificado;score:12
195|cert:Tipo C;score:64
196|cert:Tipo B;score:28
197|cert:Tipo A;score:48
198|cert:Tipo B;score:44
199|cert:Não Certificado;score:86
200|cert:Tipo B;score:66
201|cert:Tipo B;score:50
202|cert:Tipo B;score:18
203|cert:Tipo B;score:80
204|cert:Tipo C;score:95
205|cert:Tipo A;score:55
206|cert:Tipo B;score:19
207|cert:Tipo B;score:48
208|cert:Tipo B;score:78
209|cert:Tipo A;score:67
210|cert:Tipo A;score:94
211|cert:Não Certificado;score:48
212|cert:Tipo B;score:56
213|cert:Tipo B;score:50
214|cert:Não Certificado;score:96
215|cert:Tipo C;score:84
216|cert:Tipo B;score:73
217|cert:Não Certificado;score:97
218|cert:Tipo A;score:76
219|cert:Não Certificado;score:73
220|cert:Tipo B;score:97
221|cert:Tipo B;score:60
222|cert:Tipo A;score:7
223|cert:Tipo A;score:68
224|cert:Tipo B;score:50
225|cert:Tipo B;score:23
226|cert:Tipo B;score:48
227|cert:Tipo C;score:43
228|cert:Tipo B;score:32
229|cert:Tipo C;score:52
230|cert:Tipo A;score:28
231|cert:Tipo B;score:52
232|cert:Tipo B;score:97
233|cert:Tipo A;score:75
234|cert:Tipo C;score:57
235|cert:Tipo A;score:74
236|cert:Tipo B;score:86
237|cert:Tipo A;score:54
238|cert:Tipo C;score:47
239|cert:Não Certificado;score:56
240|cert:Tipo B;score:78
241|cert:Tipo A;score:78
242|cert:Tipo B;score:78
243|cert:Tipo C;score:61
244|cert:Tipo B;score:78
245|cert:Tipo A;score:38
246|cert:Tipo C;score:47
247|cert:Tipo A;score:89
248|cert:Tipo B;score:64
249|cert:Não Certificado;score:13
250|cert:Tipo A;score:64
251|cert:Tipo C;score:90
252|cert:Tipo C;score:5
253|cert:Não Certificado;score:36
254|cert:Não Certificado;score:44
255|cert:Tipo A;score:8
256|cert:Tipo B;score:51
257|cert:Tipo A;score:31
258|cert:Tipo A;score:19
259|cert:Tipo B;score:8
260|cert:Tipo A;score:11
261|cert:Tipo C;score:61
262|cert:Tipo B;score:44
263|cert:Tipo B;score:9
264|cert:Tipo B;score:11
265|cert:Tipo C;score:62
266|cert:Tipo B;score:7
267|cert:Não Certificado;score:26
268|cert:Não Certificado;score:97
269|cert:Tipo B;score:52
270|cert:Tipo B;score:0
271|cert:Tipo B;score:96
272|cert:Tipo B;score:48
273|cert:Tipo B;score:3
274|cert:Tipo A;score:95
275|cert:Não Certificado;score:91
276|cert:Tipo A;score:55
277|cert:Tipo A;score:28
278|cert:Tipo B;score:48
279|cert:Não Certificado;score:7
280|cert:Tipo B;score:64
281|cert:Tipo C;score:46
282|cert:Tipo B;score:12
283|cert:Tipo C;score:68
284|cert:Tipo C;score:55
285|cert:Tipo C;score:0
286|cert:Não Certificado;score:27
287|cert:Tipo B;score:66
288|cert:Tipo B;score:9
289|cert:Tipo C;score:3
290|cert:Tipo A;score:43
291|cert:Tipo B;score:7
292|cert:Tipo A;score:71
293|cert:Tipo C;score:77
294|cert:Tipo A;score:52
295|cert:Tipo B;score:84
296|cert:Tipo B;score:25
297|cert:Tipo B;score:54
298|cert:Tipo C;score:10
299|cert:Tipo B;score:45
300|cert:Tipo A;score:94
301|cert:Tipo A;score:92
302|cert:Tipo B;score:80
303|cert:Tipo C;score:90
304|cert:Tipo B;score:98
305|cert:Tipo A;score:9
306|cert:Tipo C;score:18
307|cert:Tipo B;score:34
308|cert:Tipo B;score:43
309|cert:Tipo B;score:7
310|cert:Tipo B;score:9
311|cert:Tipo B;score:62
312|cert:Tipo B;score:19
313|cert:Não Certificado;score:16
314|cert:Não Certificado;score:90
315|cert:Tipo C;score:34
316|cert:Tipo C;score:33
317|cert:Tipo B;score:5
318|cert:Tipo C;score:33
319|cert:Tipo A;score:73
320|cert:Tipo B;score:8
321|cert:Não Certificado;score:51
322|cert:Tipo C;score:84
323|cert:Não Certificado;score:43
324|cert:Tipo B;score:74
325|cert:Tipo B;score:2
326|cert:Tipo A;score:39
327|cert:Tipo A;score:27
328|cert:Tipo B;score:73
329|cert:Tipo B;score:74
330|cert:Tipo C;score:39
331|cert:Tipo C;score:6
332|cert:Tipo C;score:65
333|cert:Não Certificado;score:48
334|cert:Tipo B;score:8
335|cert:Tipo C;score:26
336|cert:Tipo B;score:31
337|cert:Não Certificado;score:57
338|cert:Tipo A;score:86
339|cert:Tipo B;score:98
340|cert:Tipo B;score:89
341|cert:Tipo A;score:47
342|cert:Tipo C;score:10
343|cert:Tipo A;score:94
344|cert:Tipo B;score:83
345|cert:Tipo B;score:27
346|cert:Tipo A;score:60
347|cert:Tipo C;score:9
348|cert:Tipo A;score:64
349|cert:Tipo B;score:53
350|cert:Tipo A;score:91
351|cert:Não Certificado;score:12
352|cert:Tipo B;score:97
353|cert:Tipo C;score:18
354|cert:Tipo B;score:78
355|cert:Tipo A;score:72
356|cert:Tipo C;score:79
357|cert:Não Certificado;score:8
358|cert:Tipo A;score:61
359|cert:Tipo C;score:24
360|cert:Tipo B;score:49
361|cert:Tipo B;score:33
362|cert:Tipo C;score:24
363|cert:Tipo C;score:4
364|cert:Tipo B;score:27
365|cert:Não Certificado;score:1
366|cert:Tipo B;score:89
367|cert:Tipo B;score:21
368|cert:Tipo B;score:27
369|cert:Tipo B;score:22
370|cert:Tipo B;score:45
371|cert:Tipo B;score:16
372|cert:Tipo C;score:57
373|cert:Não Certificado;score:99
374|cert:Tipo A;score:64
375|cert:Tipo C;score:97
376|cert:Tipo B;score:61
377|cert:Tipo B;score:1
378|cert:Tipo A;score:36
379|cert:Tipo A;score:21
380|cert:Não Certificado;score:2
381|cert:Tipo B;score:32
382|cert:Tipo B;score:20
383|cert:Tipo B;score:28
384|cert:Tipo B;score:59
385|cert:Tipo A;score:15
386|cert:Tipo C;score:29
387|cert:Não Certificado;score:0
388|cert:Tipo C;score:66
389|cert:Tipo C;score:24
390|cert:Não Certificado;score:13
391|cert:Tipo C;score:73
392|cert:Tipo B;score:22
393|cert:Tipo C;score:97
394|cert:Tipo C;score:36
395|cert:Tipo B;score:33
396|cert:Tipo B;score:28
397|cert:Não Certificado;score:2
398|cert:Tipo B;score:29
399|cert:Tipo C;score:43
400|cert:Tipo B;score:20
401|cert:Tipo B;score:67
402|cert:Tipo C;score:92
403|cert:Não Certificado;score:50
404|cert:Não Certificado;score:95
405|cert:Tipo C;score:29
406|cert:Tipo C;score:18
407|cert:Tipo B;score:75
408|cert:Tipo B;score:32
409|cert:Tipo B;score:49
410|cert:Tipo C;score:23
411|cert:Não Certificado;score:53
412|cert:Tipo B;score:49
413|cert:Tipo A;score:83
414|cert:Tipo A;score:21
415|cert:Não Certificado;score:98
416|cert:Tipo B;score:22
417|cert:Tipo B;score:62
418|cert:Tipo B;score:78
419|cert:Tipo C;score:39
420|cert:Tipo C;score:89
421|cert:Tipo B;score:99
422|cert:Tipo A;score:96
423|cert:Tipo A;score:59
424|cert:Tipo B;score:4
425|cert:Tipo C;score:22
426|cert:Tipo C;score:34
427|cert:Tipo B;score:34
428|cert:Tipo A;score:13
429|cert:Não Certificado;score:74
430|cert:Não Certificado;score:24
431|cert:Não Certificado;score:42
432|cert:Tipo B;score:41
433|cert:Tipo B;score:29
434|cert:Tipo B;score:92
435|cert:Tipo C;score:80
436|cert:Tipo A;score:48
437|cert:Não Certificado;score:97
438|cert:Tipo B;score:10
439|cert:Tipo C;score:55
440|cert:Tipo B;score:75
441|cert:Tipo A;score:67
442|cert:Tipo C;score:9
443|cert:Tipo B;score:74
444|cert:Não Certificado;score:94
445|cert:Não Certificado;score:99
446|cert:Tipo A;score:92
447|cert:Tipo A;score:53
448|cert:Tipo B;score:75
449|cert:Tipo C;score:48
450|cert:Tipo A;score:82
451|cert:Tipo B;score:17
452|cert:Tipo C;score:90
453|cert:Tipo C;score:6
454|cert:Não Certificado;score:88
455|cert:Tipo B;score:10
456|cert:Tipo B;score:13
457|cert:Não Certificado;score:29
458|cert:Não Certificado;score:80
459|cert:Tipo B;score:9
460|cert:Não Certificado;score:83
461|cert:Tipo A;score:64
462|cert:Tipo B;score:44
463|cert:Tipo B;score:9
464|cert:Tipo B;score:57
465|cert:Tipo B;score:78
466|cert:Tipo C;score:90
467|cert:Tipo B;score:95
468|cert:Tipo B;score:73
469|cert:Tipo A;score:75
470|cert:Não Certificado;score:62
471|cert:Tipo B;score:40
472|cert:Tipo B;score:27
473|cert:Tipo C;score:91
474|cert:Tipo B;score:87
475|cert:Tipo A;score:50
476|cert:Não Certificado;score:18
477|cert:Tipo C;score:59
478|cert:Tipo A;score:19
479|cert:Tipo B;score:83
480|cert:Tipo B;score:69
481|cert:Não Certificado;score:75
482|cert:Não Certificado;score:64
483|cert:Tipo A;score:10
484|cert:Tipo A;score:25
485|cert:Tipo A;score:72
486|cert:Tipo A;score:92
487|cert:Tipo A;score:88
488|cert:Tipo B;score:17
489|cert:Tipo B;score:54
490|cert:Tipo B;score:15
491|cert:Tipo B;score:29
492|cert:Não Certificado;score:58
493|cert:Tipo A;score:51
494|cert:Tipo A;score:80
495|cert:Tipo A;score:83
496|cert:Tipo B;score:46
497|cert:Não Certificado;score:84
498|cert:Tipo B;score:74
499|cert:Tipo A;score:1
500|cert:Tipo C;score:22
501|cert:Tipo B;score:80
502|cert:Não Certificado;score:46
503|cert:Não Certificado;score:32
504|cert:Tipo B;score:55
505|cert:Tipo B;score:74
506|cert:Tipo C;score:88
507|cert:Tipo B;score:60
508|cert:Tipo B;score:68
509|cert:Tipo B;score:31
510|cert:Tipo B;score:49
511|cert:Tipo B;score:56
512|cert:Tipo B;score:72
513|cert:Tipo A;score:54
514|cert:Tipo A;score:43
515|cert:Tipo B;score:12
516|cert:Tipo C;score:71
517|cert:Tipo A;score:58
518|cert:Tipo B;score:24
519|cert:Tipo A;score:44
520|cert:Tipo B;score:40
521|cert:Tipo B;score:43
522|cert:Tipo A;score:87
523|cert:Tipo A;score:6
524|cert:Tipo B;score:1
525|cert:Tipo B;score:63
526|cert:Não Certificado;score:34
527|cert:Tipo B;score:56
528|cert:Tipo B;score:49
529|cert:Tipo C;score:53
530|cert:Não Certificado;score:9
531|cert:Não Certificado;score:42
532|cert:Tipo C;score:44
533|cert:Tipo C;score:60
534|cert:Não Certificado;score:48
535|cert:Tipo A;score:37
536|cert:Tipo B;score:3
537|cert:Tipo B;score:96
538|cert:Tipo B;score:26
539|cert:Não Certificado;score:40
540|cert:Tipo C;score:4
541|cert:Tipo A;score:8
542|cert:Tipo B;score:26
543|cert:Não Certificado;score:54
544|cert:Tipo B;score:64
545|cert:Tipo A;score:93
546|cert:Tipo B;score:23
547|cert:Tipo B;score:36
548|cert:Tipo B;score:92
549|cert:Tipo B;score:62
550|cert:Tipo C;score:24
551|cert:Tipo C;score:82
552|cert:Tipo B;score:72
553|cert:Não Certificado;score:50
554|cert:Tipo B;score:32
555|cert:Tipo C;score:80
556|cert:Tipo B;score:99
557|cert:Tipo A;score:50
558|cert:Tipo B;score:96
559|cert:Não Certificado;score:30
560|cert:Tipo B;score:55
561|cert:Tipo B;score:72
562|cert:Tipo A;score:22
563|cert:Tipo C;score:42
564|cert:Tipo B;score:39
565|cert:Não Certificado;score:87
566|cert:Tipo C;score:99
567|cert:Não Certificado;score:50
568|cert:Tipo B;score:39
569|cert:Tipo B;score:72
570|cert:Tipo B;score:12
571|cert:Não Certificado;score:16
572|cert:Tipo C;score:41
573|cert:Tipo C;score:45
574|cert:Tipo A;score:12
575|cert:Tipo A;score:81
576|cert:Tipo B;score:73
577|cert:Tipo C;score:80
578|cert:Não Certificado;score:34
579|cert:Não Certificado;score:16
580|cert:Tipo A;score:3
581|cert:Tipo B;score:81
582|cert:Tipo B;score:9
583|cert:Tipo B;score:45
584|cert:Tipo B;score:42
585|cert:Não Certificado;score:61
586|cert:Tipo C;score:4
587|cert:Tipo A;score:97
588|cert:Tipo C;score:32
589|cert:Tipo A;score:30
590|cert:Não Certificado;score:20
591|cert:Tipo C;score:21
592|cert:Tipo B;score:10
593|cert:Não Certificado;score:4
594|cert:Tipo B;score:27
595|cert:Não Certificado;score:88
596|cert:Tipo A;score:75
597|cert:Tipo B;score:53
598|cert:Tipo C;score:63
599|cert:Não Certificado;score:80
600|cert:Tipo B;score:45
601|cert:Tipo B;score:66
602|cert:Tipo B;score:17
603|cert:Não Certificado;score:67
604|cert:Tipo C;score:93
605|cert:Tipo A;score:81
606|cert:Tipo B;score:6
607|cert:Tipo C;score:64
608|cert:Tipo B;score:62
609|cert:Tipo B;score:83
610|cert:Tipo A;score:36
611|cert:Tipo B;score:81
612|cert:Não Certificado;score:68
613|cert:Não Certificado;score:51
614|cert:Tipo C;score:69
615|cert:Tipo A;score:73
616|cert:Tipo B;score:80
617|cert:Tipo B;score:98
618|cert:Tipo C;score:5
619|cert:Tipo A;score:59
620|cert:Tipo B;score:54
621|cert:Não Certificado;score:56
622|cert:Tipo A;score:9
623|cert:Tipo A;score:1
624|cert:Tipo B;score:61
625|cert:Tipo C;score:27
626|cert:Não Certificado;score:52
627|cert:Tipo C;score:63
628|cert:Tipo A;score:61
629|cert:Tipo B;score:83
630|cert:Tipo A;score:0
631|cert:Tipo B;score:90
632|cert:Tipo B;score:14
633|cert:Tipo C;score:2
634|cert:Tipo C;score:32
635|cert:Tipo B;score:95
636|cert:Tipo C;score:59
637|cert:Tipo A;score:8
638|cert:Tipo B;score:41
639|cert:Tipo B;score:53
640|cert:Tipo B;score:23
641|cert:Não Certificado;score:50
642|cert:Tipo B;score:95
643|cert:Tipo A;score:46
644|cert:Tipo B;score:4
645|cert:Tipo A;score:93
646|cert:Não Certificado;score:14
647|cert:Tipo A;score:19
648|cert:Tipo B;score:49
649|cert:Não Certificado;score:50
650|cert:Tipo A;score:43
651|cert:Não Certificado;score:44
652|cert:Tipo A;score:28
653|cert:Tipo A;score:38
654|cert:Tipo B;score:50
655|cert:Tipo B;score:9
656|cert:Tipo B;score:97
657|cert:Tipo B;score:94
658|cert:Tipo A;score:24
659|cert:Tipo C;score:92
660|cert:Tipo B;score:15
661|cert:Tipo A;score:0
662|cert:Tipo B;score:98
663|cert:Tipo B;score:7
664|cert:Tipo B;score:70
665|cert:Tipo C;score:95
666|cert:Tipo B;score:3
667|cert:Tipo C;score:66
668|cert:Tipo C;score:26
669|cert:Tipo A;score:47
670|cert:Não Certificado;score:38
671|cert:Tipo B;score:91
672|cert:Tipo B;score:48
673|cert:Não Certificado;score:39
674|cert:Tipo A;score:40
675|cert:Não Certificado;score:20
676|cert:Não Certificado;score:32
677|cert:Tipo C;score:33
678|cert:Não Certificado;score:89
679|cert:Não Certificado;score:79
680|cert:Tipo B;score:48
681|cert:Não Certificado;score:76
682|cert:Não Certificado;score:15
683|cert:Tipo B;score:25
684|cert:Tipo A;score:19
685|cert:Tipo A;score:85
686|cert:Tipo A;score:10
687|cert:Tipo C;score:22
688|cert:Tipo B;score:26
689|cert:Tipo B;score:81
690|cert:Tipo A;score:52
691|cert:Tipo B;score:5
692|cert:Tipo A;score:70
693|cert:Tipo C;score:73
694|cert:Tipo A;score:71
695|cert:Tipo C;score:19
696|cert:Tipo B;score:64
697|cert:Tipo C;score:10
698|cert:Não Certificado;score:87
699|cert:Tipo A;score:44
700|cert:Tipo C;score:4
701|cert:Tipo A;score:7
702|cert:Tipo C;score:35
703|cert:Tipo B;score:24
704|cert:Tipo B;score:44
705|cert:Não Certificado;score:54
706|cert:Tipo C;score:11
707|cert:Tipo C;score:8
708|cert:Tipo C;score:94
709|cert:Tipo B;score:73
710|cert:Tipo B;score:24
711|cert:Tipo C;score:57
712|cert:Tipo B;score:28
713|cert:Tipo C;score:2
714|cert:Tipo A;score:2
715|cert:Não Certificado;score:10
716|cert:Tipo B;score:32
717|cert:Tipo B;score:69
718|cert:Tipo A;score:74
719|cert:Tipo A;score:54
720|cert:Tipo B;score:6
721|cert:Tipo B;score:80
722|cert:Tipo C;score:10
723|cert:Tipo B;score:90
724|cert:Tipo C;score:60
725|cert:Não Certificado;score:14
726|cert:Tipo A;score:14
727|cert:Tipo B;score:10
728|cert:Tipo B;score:4
729|cert:Tipo B;score:86
730|cert:Tipo C;score:49
731|cert:Tipo B;score:19
732|cert:Tipo B;score:2
733|cert:Tipo A;score:34
734|cert:Tipo A;score:95
735|cert:Não Certificado;score:71
736|cert:Tipo B;score:31
737|cert:Tipo A;score:24
738|cert:Tipo B;score:54
739|cert:Tipo A;score:96
740|cert:Tipo A;score:74
741|cert:Tipo C;score:86
742|cert:Tipo B;score:46
743|cert:Tipo B;score:28
744|cert:Tipo B;score:9
745|cert:Tipo A;score:76
746|cert:Tipo B;score:85
747|cert:Tipo B;score:67
748|cert:Tipo A;score:46
749|cert:Tipo A;score:59
750|cert:Tipo C;score:10
751|cert:Tipo C;score:67
752|cert:Tipo B;score:53
753|cert:Tipo C;score:33
754|cert:Tipo B;score:76
755|cert:Tipo C;score:30
756|cert:Tipo A;score:89
757|cert:Tipo B;score:30
758|cert:Não Certificado;score:20
759|cert:Tipo C;score:1
760|cert:Tipo B;score:1
761|cert:Tipo C;score:66
762|cert:Tipo A;score:67
763|cert:Tipo A;score:97
764|cert:Tipo B;score:54
765|cert:Tipo B;score:90
766|cert:Tipo B;score:49
767|cert:Tipo C;score:4
768|cert:Tipo B;score:29
769|cert:Não Certificado;score:88
770|cert:Tipo A;score:38
771|cert:Tipo C;score:94
772|cert:Tipo B;score:45
773|cert:Tipo A;score:8
774|cert:Não Certificado;score:20
775|cert:Tipo C;score:80
776|cert:Tipo B;score:8
777|cert:Tipo A;score:18
778|cert:Tipo B;score:71
779|cert:Tipo B;score:2
780|cert:Tipo B;score:90
781|cert:Tipo A;score:6
782|cert:Tipo B;score:40
783|cert:Não Certificado;score:23
784|cert:Tipo B;score:30
785|cert:Tipo A;score:11
786|cert:Não Certificado;score:30
787|cert:Não Certificado;score:31
788|cert:Tipo C;score:66
789|cert:Não Certificado;score:66
790|cert:Tipo A;score:31
791|cert:Tipo A;score:14
792|cert:Tipo B;score:63
793|cert:Não Certificado;score:1
794|cert:Tipo B;score:50
795|cert:Tipo A;score:64
796|cert:Tipo A;score:24
797|cert:Tipo C;score:96
798|cert:Não Certificado;score:93
799|cert:Não Certificado;score:67
800|cert:Tipo B;score:12
801|cert:Tipo A;score:7
802|cert:Não Certificado;score:66
803|cert:Tipo B;score:92
804|cert:Não Certificado;score:25
805|cert:Tipo B;score:89
806|cert:Tipo A;score:46
807|cert:Tipo C;score:67
808|cert:Tipo B;score:5
809|cert:Tipo B;score:48
810|cert:Tipo C;score:41
811|cert:Não Certificado;score:93
812|cert:Tipo C;score:38
813|cert:Não Certificado;score:55
814|cert:Tipo A;score:80
815|cert:Não Certificado;score:25
816|cert:Tipo B;score:42
817|cert:Tipo C;score:44
818|cert:Tipo A;score:69
819|cert:Tipo C;score:59
820|cert:Tipo B;score:41
821|cert:Tipo A;score:38
822|cert:Não Certificado;score:37
823|cert:Não Certificado;score:12
824|cert:Tipo B;score:53
825|cert:Tipo B;score:2
826|cert:Tipo B;score:16
827|cert:Não Certificado;score:2
828|cert:Tipo B;score:44
829|cert:Tipo C;score:5
830|cert:Tipo A;score:45
831|cert:Tipo C;score:72
832|cert:Tipo B;score:45
833|cert:Tipo B;score:86
834|cert:Tipo B;score:2
835|cert:Tipo B;score:40
836|cert:Não Certificado;score:61
837|cert:Tipo C;score:3
838|cert:Não Certificado;score:39
839|cert:Tipo A;score:60
840|cert:Tipo B;score:90
841|cert:Não Certificado;score:85
842|cert:Não Certificado;score:15
843|cert:Tipo A;score:87
844|cert:Não Certificado;score:59
845|cert:Tipo A;score:2
846|cert:Tipo A;score:0
847|cert:Tipo A;score:43
848|cert:Tipo B;score:80
849|cert:Tipo B;score:47
850|cert:Não Certificado;score:49
851|cert:Tipo C;score:51
852|cert:Tipo B;score:41
853|cert:Tipo A;score:76
854|cert:Tipo A;score:35
855|cert:Tipo C;score:60
856|cert:Tipo B;score:16
857|cert:Não Certificado;score:63
858|cert:Tipo A;score:3
859|cert:Não Certificado;score:31
860|cert:Não Certificado;score:44
861|cert:Tipo B;score:23
862|cert:Tipo A;score:83
863|cert:Tipo C;score:52
864|cert:Tipo B;score:43
865|cert:Tipo A;score:91
866|cert:Tipo B;score:96
867|cert:Tipo B;score:95
868|cert:Não Certificado;score:63
869|cert:Tipo A;score:95
870|cert:Não Certificado;score:33
871|cert:Tipo A;score:52
872|cert:Tipo B;score:56
873|cert:Tipo A;score:11
874|cert:Tipo B;score:55
875|cert:Não Certificado;score:11
876|cert:Não Certificado;score:51
877|cert:Tipo C;score:89
878|cert:Tipo B;score:0
879|cert:Não Certificado;score:91
880|cert:Tipo B;score:36
881|cert:Não Certificado;score:58
882|cert:Tipo B;score:19
883|cert:Tipo C;score:34
884|cert:Tipo A;score:19
885|cert:Tipo A;score:94
886|cert:Tipo C;score:65
887|cert:Tipo C;score:23
888|cert:Tipo B;score:67
889|cert:Tipo A;score:84
890|cert:Tipo A;score:48
891|cert:Tipo A;score:90
892|cert:Tipo C;score:73
893|cert:Não Certificado;score:2
894|cert:Tipo B;score:8
895|cert:Tipo A;score:5
896|cert:Tipo B;score:57
897|cert:Não Certificado;score:22
898|cert:Tipo B;score:18
899|cert:Tipo A;score:19
900|cert:Tipo A;score:80
901|cert:Tipo C;score:38
902|cert:Tipo B;score:80
903|cert:Tipo B;score:53
904|cert:Tipo B;score:21
905|cert:Tipo C;score:22
906|cert:Tipo A;score:67
907|cert:Não Certificado;score:99
908|cert:Tipo A;score:65
909|cert:Tipo A;score:2
910|cert:Tipo C;score:69
911|cert:Tipo B;score:78
912|cert:Tipo B;score:81
913|cert:Tipo A;score:55
914|cert:Tipo A;score:61
915|cert:Tipo A;score:12
916|cert:Não Certificado;score:38
917|cert:Tipo B;score:43
918|cert:Tipo B;score:44
919|cert:Não Certificado;score:4
920|cert:Tipo B;score:68
921|cert:Não Certificado;score:6
922|cert:Tipo A;score:42
923|cert:Tipo A;score:36
924|cert:Tipo C;score:80
925|cert:Tipo B;score:54
926|cert:Tipo C;score:77
927|cert:Não Certificado;score:71
928|cert:Tipo B;score:62
929|cert:Tipo B;score:58
930|cert:Não Certificado;score:80
931|cert:Tipo A;score:73
932|cert:Tipo C;score:72
933|cert:Tipo C;score:3
934|cert:Não Certificado;score:26
935|cert:Tipo A;score:0
936|cert:Tipo B;score:85
937|cert:Não Certificado;score:21
938|cert:Tipo C;score:72
939|cert:Tipo B;score:0
940|cert:Tipo B;score:31
941|cert:Não Certificado;score:70
942|cert:Não Certificado;score:39
943|cert:Tipo A;score:43
944|cert:Tipo B;score:46
945|cert:Não Certificado;score:53
946|cert:Tipo B;score:58
947|cert:Não Certificado;score:1
948|cert:Não Certificado;score:72
949|cert:Tipo B;score:30
950|cert:Não Certificado;score:63
951|cert:Não Certificado;score:30
952|cert:Tipo B;score:21
953|cert:Tipo B;score:50
954|cert:Tipo C;score:24
955|cert:Tipo A;score:0
956|cert:Tipo B;score:27
957|cert:Tipo C;score:93
958|cert:Tipo C;score:46
959|cert:Tipo C;score:90
960|cert:Tipo B;score:59
961|cert:Não Certificado;score:48
962|cert:Não Certificado;score:40
963|cert:Tipo A;score:82
964|cert:Não Certificado;score:45
965|cert:Tipo B;score:20
966|cert:Tipo C;score:86
967|cert:Tipo C;score:3
968|cert:Tipo B;score:67
969|cert:Tipo C;score:83
970|cert:Não Certificado;score:89
971|cert:Tipo A;score:43
972|cert:Tipo B;score:43
973|cert:Tipo B;score:19
974|cert:Tipo B;score:58
975|cert:Tipo C;score:68
976|cert:Tipo B;score:68
977|cert:Tipo B;score:50
978|cert:Tipo B;score:78
979|cert:Não Certificado;score:69
980|cert:Tipo B;score:0
981|cert:Tipo A;score:0
982|cert:Tipo C;score:58
983|cert:Tipo B;score:88
984|cert:Tipo B;score:84
985|cert:Tipo B;score:92
986|cert:Tipo A;score:14
987|cert:Não Certificado;score:89
988|cert:Tipo C;score:51
989|cert:Tipo C;score:35
990|cert:Tipo A;score:60
991|cert:Não Certificado;score:81
992|cert:Tipo B;score:80
993|cert:Tipo C;score:62
994|cert:Tipo B;score:72
995|cert:Tipo C;score:37
996|cert:Não Certificado;score:42
997|cert:Tipo B;score:74
998|cert:Tipo B;score:67
999|cert:Tipo A;score:57
1000|cert:Tipo B;score:61
1001|cert:Tipo A;score:88
1002|cert:Tipo C;score:35
1003|cert:Tipo C;score:81
1004|cert:Tipo B;score:79
1005|cert:Tipo C;score:75
1006|cert:Não Certificado;score:57
1007|cert:Tipo B;score:62
1008|cert:Tipo B;score:51
1009|cert:Tipo B;score:12
1010|cert:Tipo A;score:10
1011|cert:Tipo A;score:17
1012|cert:Não Certificado;score:69
1013|cert:Tipo C;score:24
1014|cert:Tipo B;score:23
1015|cert:Não Certificado;score:85
1016|cert:Tipo B;score:5
1017|cert:Tipo A;score:5
1018|cert:Não Certificado;score:8
1019|cert:Tipo C;score:50
1020|cert:Tipo C;score:60
1021|cert:Tipo A;score:54
1022|cert:Tipo B;score:81
1023|cert:Não Certificado;score:78
1024|cert:Tipo B;score:79
1025|cert:Tipo B;score:29
1026|cert:Não Certificado;score:72
1027|cert:Não Certificado;score:1
1028|cert:Tipo B;score:0
1029|cert:Não Certificado;score:73
1030|cert:Não Certificado;score:23
1031|cert:Não Certificado;score:95
1032|cert:Tipo B;score:60
1033|cert:Tipo B;score:55
1034|cert:Tipo A;score:78
1035|cert:Não Certificado;score:60
1036|cert:Tipo C;score:95
1037|cert:Tipo C;score:19
1038|cert:Tipo A;score:31
1039|cert:Tipo A;score:7
1040|cert:Tipo B;score:71
1041|cert:Não Certificado;score:42
1042|cert:Tipo B;score:30
1043|cert:Tipo B;score:40
1044|cert:Não Certificado;score:25
1045|cert:Tipo B;score:17
1046|cert:Tipo A;score:30
1047|cert:Tipo C;score:75
1048|cert:Tipo B;score:33
1049|cert:Tipo C;score:73
1050|cert:Tipo B;score:60
1051|cert:Tipo C;score:68
1052|cert:Tipo B;score:91
1053|cert:Não Certificado;score:57
1054|cert:Tipo C;score:11
1055|cert:Tipo A;score:85
1056|cert:Tipo B;score:83
1057|cert:Não Certificado;score:85
1058|cert:Tipo C;score:50
1059|cert:Não Certificado;score:30
1060|cert:Tipo B;score:48
1061|cert:Não Certificado;score:44
1062|cert:Tipo A;score:57
1063|cert:Tipo B;score:40
1064|cert:Tipo B;score:29
1065|cert:Tipo C;score:64
1066|cert:Tipo C;score:82
1067|cert:Tipo B;score:21
1068|cert:Não Certificado;score:90
1069|cert:Não Certificado;score:35
1070|cert:Tipo B;score:47
1071|cert:Tipo C;score:35
1072|cert:Tipo B;score:14
1073|cert:Tipo A;score:26
1074|cert:Tipo B;score:29
1075|cert:Tipo A;score:80
1076|cert:Tipo B;score:3
1077|cert:Tipo B;score:80
1078|cert:Não Certificado;score:33
1079|cert:Tipo C;score:91
1080|cert:Tipo B;score:36
1081|cert:Não Certificado;score:71
1082|cert:Tipo C;score:65
1083|cert:Não Certificado;score:55
1084|cert:Tipo A;score:81
1085|cert:Tipo B;score:24
1086|cert:Tipo A;score:94
1087|cert:Tipo B;score:55
1088|cert:Tipo B;score:21
1089|cert:Tipo A;score:7
1090|cert:Tipo C;score:3
1091|cert:Tipo A;score:37
1092|cert:Tipo C;score:99
1093|cert:Tipo C;score:55
1094|cert:Tipo C;score:31
1095|cert:Não Certificado;score:40
1096|cert:Tipo B;score:23
1097|cert:Tipo C;score:42
1098|cert:Tipo B;score:96
1099|cert:Tipo B;score:34
1100|cert:Tipo B;score:56
1101|cert:Tipo B;score:12
1102|cert:Tipo B;score:39
1103|cert:Tipo C;score:4
1104|cert:Tipo B;score:60
1105|cert:Tipo C;score:0
1106|cert:Tipo A;score:89
1107|cert:Não Certificado;score:28
1108|cert:Tipo C;score:43
1109|cert:Tipo B;score:19
1110|cert:Tipo A;score:46
1111|cert:Tipo B;score:51
1112|cert:Tipo B;score:76
1113|cert:Tipo A;score:58
1114|cert:Tipo B;score:10
1115|cert:Tipo B;score:38
1116|cert:Tipo C;score:89
1117|cert:Não Certificado;score:49
1118|cert:Tipo B;score:26
1119|cert:Tipo A;score:99
1120|cert:Tipo B;score:86
1121|cert:Tipo C;score:6
1122|cert:Não Certificado;score:24
1123|cert:Não Certificado;score:23
1124|cert:Tipo A;score:24
1125|cert:Não Certificado;score:74
1126|cert:Não Certificado;score:81
1127|cert:Tipo B;score:38
1128|cert:Tipo B;score:6
1129|cert:Tipo C;score:70
1130|cert:Tipo B;score:84
1131|cert:Tipo B;score:65
1132|cert:Tipo A;score:78
1133|cert:Tipo B;score:51
1134|cert:Não Certificado;score:30
1135|cert:Tipo A;score:44
1136|cert:Tipo B;score:52
1137|cert:Tipo C;score:1
1138|cert:Tipo B;score:20
1139|cert:Não Certificado;score:92
1140|cert:Tipo A;score:31
1141|cert:Tipo C;score:34
1142|cert:Tipo B;score:62
1143|cert:Tipo B;score:29
1144|cert:Tipo B;score:93
1145|cert:Tipo C;score:8
1146|cert:Não Certificado;score:82
1147|cert:Tipo B;score:24
1148|cert:Não Certificado;score:41
1149|cert:Tipo C;score:70
1150|cert:Tipo A;score:16
1151|cert:Tipo B;score:67
1152|cert:Tipo B;score:69
1153|cert:Tipo C;score:30
1154|cert:Tipo A;score:70
1155|cert:Não Certificado;score:38
1156|cert:Tipo B;score:85
1157|cert:Tipo C;score:18
1158|cert:Tipo B;score:40
1159|cert:Não Certificado;score:60
1160|cert:Tipo B;score:95
1161|cert:Tipo B;score:31
1162|cert:Tipo A;score:56
1163|cert:Tipo B;score:91
1164|cert:Tipo A;score:20
1165|cert:Tipo C;score:64
1166|cert:Não Certificado;score:82
1167|cert:Tipo C;score:56
1168|cert:Tipo B;score:22
1169|cert:Não Certificado;score:22
1170|cert:Não Certificado;score:30
1171|cert:Tipo A;score:9
1172|cert:Tipo A;score:81
1173|cert:Tipo A;score:21
1174|cert:Não Certificado;score:84
1175|cert:Tipo A;score:56
1176|cert:Tipo B;score:53
1177|cert:Tipo B;score:89
1178|cert:Tipo B;score:83
1179|cert:Tipo A;score:3
1180|cert:Tipo C;score:50
1181|cert:Tipo C;score:27
1182|cert:Tipo B;score:74
1183|cert:Tipo A;score:57
1184|cert:Tipo B;score:76
1185|cert:Tipo A;score:59
1186|cert:Tipo A;score:63
1187|cert:Tipo A;score:68
1188|cert:Tipo C;score:1
1189|cert:Tipo C;score:75
1190|cert:Não Certificado;score:63
1191|cert:Tipo C;score:96
1192|cert:Tipo B;score:27
1193|cert:Tipo B;score:27
1194|cert:Tipo A;score:2
1195|cert:Tipo A;score:39
1196|cert:Tipo B;score:61
1197|cert:Tipo C;score:72
1198|cert:Não Certificado;score:5
1199|cert:Tipo A;score:5
1200|cert:Tipo B;score:81
1201|cert:Tipo C;score:32
1202|cert:Tipo B;score:70
1203|cert:Tipo C;score:62
1204|cert:Tipo A;score:99
1205|cert:Tipo A;score:16
1206|cert:Tipo A;score:90
1207|cert:Tipo A;score:96
1208|cert:Tipo B;score:77
1209|cert:Tipo B;score:91
1210|cert:Tipo B;score:61
1211|cert:Tipo A;score:37
1212|cert:Não Certificado;score:45
1213|cert:Não Certificado;score:85
1214|cert:Tipo A;score:58
1215|cert:Tipo A;score:22
1216|cert:Tipo B;score:3
1217|cert:Não Certificado;score:53
1218|cert:Não Certificado;score:89
1219|cert:Tipo A;score:41
1220|cert:Não Certificado;score:1
1221|cert:Tipo B;score:88
1222|cert:Tipo B;score:36
1223|cert:Não Certificado;score:65
1224|cert:Tipo B;score:46
1225|cert:Tipo A;score:64
1226|cert:Tipo A;score:16
1227|cert:Não Certificado;score:63
1228|cert:Não Certificado;score:34
1229|cert:Tipo A;score:92
1230|cert:Não Certificado;score:52
1231|cert:Tipo C;score:43
1232|cert:Tipo B;score:59
1233|cert:Tipo A;score:38
1234|cert:Tipo C;score:9
1235|cert:Tipo B;score:3
1236|cert:Tipo C;score:15
1237|cert:Tipo C;score:96
1238|cert:Tipo A;score:18
1239|cert:Tipo B;score:47
1240|cert:Tipo B;score:15
1241|cert:Tipo B;score:39
1242|cert:Tipo C;score:99
1243|cert:Tipo A;score:40
1244|cert:Tipo B;score:43
1245|cert:Tipo B;score:61
1246|cert:Tipo A;score:13
1247|cert:Não Certificado;score:77
1248|cert:Tipo B;score:24
1249|cert:Tipo C;score:69
1250|cert:Tipo B;score:73
1251|cert:Tipo A;score:66
1252|cert:Tipo C;score:46
1253|cert:Não Certificado;score:24
1254|cert:Não Certificado;score:14
1255|cert:Tipo A;score:7
1256|cert:Tipo B;score:88
1257|cert:Tipo C;score:88
1258|cert:Não Certificado;score:97
1259|cert:Não Certificado;score:34
1260|cert:Tipo C;score:64
1261|cert:Não Certificado;score:63
1262|cert:Não Certificado;score:18
1263|cert:Tipo C;score:71
1264|cert:Tipo B;score:12
1265|cert:Tipo A;score:34
1266|cert:Não Certificado;score:58
1267|cert:Tipo C;score:65
1268|cert:Tipo C;score:20
1269|cert:Tipo C;score:50
1270|cert:Tipo A;score:81
1271|cert:Tipo B;score:55
1272|cert:Tipo B;score:99
1273|cert:Tipo A;score:32
1274|cert:Não Certificado;score:92
1275|cert:Tipo C;score:84
1276|cert:Não Certificado;score:45
1277|cert:Tipo A;score:90
1278|cert:Tipo C;score:89
1279|cert:Tipo C;score:8
1280|cert:Tipo B;score:49
1281|cert:Não Certificado;score:36
1282|cert:Tipo B;score:29
1283|cert:Tipo B;score:9
1284|cert:Tipo B;score:16
1285|cert:Tipo C;score:30
1286|cert:Tipo A;score:67
1287|cert:Tipo C;score:44
1288|cert:Tipo B;score:6
1289|cert:Tipo A;score:58
1290|cert:Tipo A;score:41
1291|cert:Tipo C;score:33
1292|cert:Tipo C;score:56
1293|cert:Tipo A;score:77
1294|cert:Tipo B;score:6
1295|cert:Tipo B;score:27
1296|cert:Tipo B;score:48
1297|cert:Não Certificado;score:53
1298|cert:Tipo B;score:92
1299|cert:Tipo C;score:92
1300|cert:Não Certificado;score:34
1301|cert:Não Certificado;score:42
1302|cert:Não Certificado;score:33
1303|cert:Tipo B;score:8
1304|cert:Tipo B;score:57
1305|cert:Não Certificado;score:19
1306|cert:Não Certificado;score:33
1307|cert:Tipo B;score:74
1308|cert:Tipo B;score:61
1309|cert:Tipo B;score:29
1310|cert:Tipo B;score:97
1311|cert:Tipo B;score:67
1312|cert:Tipo B;score:19
1313|cert:Tipo B;score:60
1314|cert:Não Certificado;score:19
1315|cert:Tipo C;score:47
1316|cert:Tipo A;score:90
1317|cert:Tipo A;score:29
1318|cert:Tipo C;score:77
1319|cert:Tipo C;score:1
1320|cert:Tipo B;score:75
1321|cert:Tipo A;score:33
1322|cert:Não Certificado;score:49
1323|cert:Tipo A;score:63
1324|cert:Não Certificado;score:97
1325|cert:Tipo A;score:77
1326|cert:Tipo A;score:35
1327|cert:Tipo A;score:65
1328|cert:Tipo B;score:56
1329|cert:Não Certificado;score:58
1330|cert:Tipo C;score:73
1331|cert:Tipo B;score:17
1332|cert:Tipo A;score:46
1333|cert:Tipo B;score:64
1334|cert:Tipo C;score:66
1335|cert:Tipo A;score:92
1336|cert:Tipo B;score:96
1337|cert:Tipo C;score:42
1338|cert:Tipo C;score:77
1339|cert:Tipo B;score:94
1340|cert:Tipo B;score:16
1341|cert:Tipo B;score:19
1342|cert:Tipo B;score:97
1343|cert:Tipo B;score:46
1344|cert:Tipo B;score:44
1345|cert:Tipo B;score:44
1346|cert:Tipo A;score:43
1347|cert:Tipo B;score:39
1348|cert:Não Certificado;score:42
1349|cert:Tipo A;score:65
1350|cert:Tipo C;score:87
1351|cert:Tipo A;score:86
1352|cert:Tipo B;score:67
1353|cert:Tipo B;score:0
1354|cert:Tipo A;score:97
1355|cert:Não Certificado;score:51
1356|cert:Tipo A;score:32
1357|cert:Não Certificado;score:32
1358|cert:Tipo C;score:74
1359|cert:Tipo A;score:20
1360|cert:Tipo B;score:36
1361|cert:Tipo C;score:66
1362|cert:Tipo C;score:19
1363|cert:Não Certificado;score:15
1364|cert:Tipo C;score:62
1365|cert:Não Certificado;score:87
1366|cert:Não Certificado;score:76
1367|cert:Tipo B;score:37
1368|cert:Tipo B;score:9
1369|cert:Não Certificado;score:31
1370|cert:Tipo B;score:11
1371|cert:Não Certificado;score:35
1372|cert:Tipo C;score:84
1373|cert:Tipo A;score:50
1374|cert:Tipo B;score:64
1375|cert:Tipo C;score:66
1376|cert:Tipo B;score:54
1377|cert:Tipo A;score:53
1378|cert:Tipo C;score:19
1379|cert:Tipo A;score:85
1380|cert:Tipo A;score:79
1381|cert:Tipo C;score:58
1382|cert:Tipo B;score:34
1383|cert:Não Certificado;score:70
1384|cert:Tipo B;score:77
1385|cert:Tipo C;score:61
1386|cert:Não Certificado;score:62
1387|cert:Tipo B;score:19
1388|cert:Não Certificado;score:56
1389|cert:Tipo C;score:52
1390|cert:Tipo B;score:95
1391|cert:Não Certificado;score:43
1392|cert:Tipo B;score:16
1393|cert:Não Certificado;score:97
1394|cert:Tipo A;score:97
1395|cert:Tipo C;score:46
1396|cert:Não Certificado;score:49
1397|cert:Não Certificado;score:5
1398|cert:Tipo A;score:48
1399|cert:Tipo C;score:98
1400|cert:Tipo B;score:39
1401|cert:Não Certificado;score:13
1402|cert:Tipo B;score:52
1403|cert:Tipo A;score:20
1404|cert:Tipo A;score:58
1405|cert:Tipo C;score:2
1406|cert:Tipo C;score:42
1407|cert:Não Certificado;score:17
1408|cert:Tipo B;score:12
1409|cert:Não Certificado;score:95
1410|cert:Tipo A;score:19
1411|cert:Tipo B;score:90
1412|cert:Tipo C;score:72
1413|cert:Não Certificado;score:43
1414|cert:Tipo C;score:18
1415|cert:Tipo A;score:90
1416|cert:Tipo B;score:13
1417|cert:Tipo C;score:12
1418|cert:Não Certificado;score:36
1419|cert:Tipo B;score:0
1420|cert:Tipo C;score:82
1421|cert:Não Certificado;score:44
1422|cert:Não Certificado;score:30
1423|cert:Tipo A;score:59
1424|cert:Tipo B;score:62
1425|cert:Não Certificado;score:20
1426|cert:Tipo A;score:32
1427|cert:Não Certificado;score:2
1428|cert:Tipo B;score:14
1429|cert:Tipo B;score:99
1430|cert:Tipo A;score:21
1431|cert:Tipo B;score:18
1432|cert:Tipo B;score:62
1433|cert:Não Certificado;score:38
1434|cert:Tipo C;score:95
1435|cert:Tipo B;score:53
1436|cert:Tipo A;score:70
1437|cert:Tipo A;score:46
1438|cert:Tipo C;score:43
1439|cert:Tipo B;score:10
1440|cert:Tipo B;score:46
1441|cert:Tipo B;score:74
1442|cert:Tipo C;score:40
1443|cert:Não Certificado;score:14
1444|cert:Tipo A;score:63
1445|cert:Tipo A;score:23
1446|cert:Tipo B;score:6
1447|cert:Tipo A;score:21
1448|cert:Tipo B;score:49
1449|cert:Tipo B;score:79
1450|cert:Tipo B;score:85
1451|cert:Não Certificado;score:75
1452|cert:Não Certificado;score:28
1453|cert:Tipo A;score:82
1454|cert:Não Certificado;score:37
1455|cert:Tipo C;score:17
1456|cert:Tipo B;score:81
1457|cert:Tipo A;score:36
1458|cert:Tipo A;score:5
1459|cert:Não Certificado;score:27
1460|cert:Tipo C;score:47
1461|cert:Não Certificado;score:59
1462|cert:Tipo C;score:36
1463|cert:Tipo B;score:22
1464|cert:Tipo B;score:57
1465|cert:Tipo B;score:0
1466|cert:Tipo A;score:85
1467|cert:Tipo A;score:75
1468|cert:Tipo B;score:20
1469|cert:Tipo A;score:98
1470|cert:Tipo B;score:27
1471|cert:Tipo A;score:48
1472|cert:Tipo B;score:68
1473|cert:Tipo B;score:98
1474|cert:Tipo C;score:50
1475|cert:Tipo B;score:75
1476|cert:Tipo A;score:1
1477|cert:Não Certificado;score:96
1478|cert:Não Certificado;score:84
1479|cert:Tipo B;score:77
1480|cert:Tipo B;score:13
1481|cert:Tipo B;score:11
1482|cert:Tipo B;score:56
1483|cert:Tipo B;score:80
1484|cert:Tipo B;score:10
1485|cert:Tipo C;score:74
1486|cert:Não Certificado;score:31
1487|cert:Não Certificado;score:71
1488|cert:Tipo B;score:47
1489|cert:Tipo B;score:92
1490|cert:Tipo C;score:16
1491|cert:Tipo C;score:98
1492|cert:Tipo C;score:48
1493|cert:Não Certificado;score:6
1494|cert:Tipo C;score:24
1495|cert:Tipo C;score:62
1496|cert:Tipo B;score:80
1497|cert:Não Certificado;score:25
1498|cert:Tipo A;score:46
1499|cert:Tipo B;score:42
1500|cert:Tipo A;score:47
1501|cert:Tipo C;score:39
1502|cert:Tipo A;score:66
1503|cert:Não Certificado;score:30
1504|cert:Tipo B;score:22
1505|cert:Tipo C;score:66
1506|cert:Tipo A;score:22
1507|cert:Tipo A;score:87
1508|cert:Não Certificado;score:66
1509|cert:Não Certificado;score:21
1510|cert:Tipo C;score:3
1511|cert:Tipo B;score:61
1512|cert:Tipo B;score:14
1513|cert:Tipo A;score:34
1514|cert:Tipo B;score:19
1515|cert:Tipo C;score:54
1516|cert:Tipo B;score:82
1517|cert:Tipo C;score:59
1518|cert:Não Certificado;score:19
1519|cert:Não Certificado;score:47
1520|cert:Tipo B;score:47
1521|cert:Não Certificado;score:64
1522|cert:Tipo B;score:47
1523|cert:Não Certificado;score:95
1524|cert:Tipo C;score:11
1525|cert:Tipo C;score:32
1526|cert:Tipo B;score:81
1527|cert:Tipo A;score:52
1528|cert:Tipo B;score:20
1529|cert:Tipo B;score:74
1530|cert:Não Certificado;score:47
1531|cert:Tipo C;score:49
1532|cert:Tipo C;score:93
1533|cert:Tipo B;score:39
1534|cert:Tipo A;score:88
1535|cert:Não Certificado;score:64
1536|cert:Tipo B;score:24
1537|cert:Tipo B;score:62
1538|cert:Tipo C;score:21
1539|cert:Tipo C;score:98
1540|cert:Tipo A;score:98
1541|cert:Tipo C;score:43
1542|cert:Tipo C;score:26
1543|cert:Não Certificado;score:91
1544|cert:Tipo B;score:79
1545|cert:Tipo A;score:64
1546|cert:Tipo A;score:3
1547|cert:Tipo C;score:44
1548|cert:Tipo B;score:77
1549|cert:Tipo B;score:9
1550|cert:Tipo A;score:14
1551|cert:Tipo A;score:62
1552|cert:Tipo B;score:37
1553|cert:Tipo C;score:53
1554|cert:Não Certificado;score:20
1555|cert:Tipo C;score:38
1556|cert:Não Certificado;score:83
1557|cert:Não Certificado;score:31
1558|cert:Não Certificado;score:87
1559|cert:Não Certificado;score:57
1560|cert:Tipo B;score:46
1561|cert:Tipo A;score:73
1562|cert:Tipo B;score:48
1563|cert:Não Certificado;score:89
1564|cert:Tipo B;score:89
1565|cert:Não Certificado;score:37
1566|cert:Não Certificado;score:37
1567|cert:Tipo A;score:14
1568|cert:Tipo B;score:1
1569|cert:Tipo C;score:14
1570|cert:Não Certificado;score:91
1571|cert:Tipo C;score:51
1572|cert:Não Certificado;score:7
1573|cert:Tipo A;score:39
1574|cert:Tipo B;score:95
1575|cert:Não Certificado;score:33
1576|cert:Tipo B;score:32
1577|cert:Tipo B;score:13
1578|cert:Não Certificado;score:19
1579|cert:Tipo C;score:27
1580|cert:Tipo C;score:35
1581|cert:Não Certificado;score:46
1582|cert:Tipo C;score:39
1583|cert:Tipo B;score:50
1584|cert:Tipo B;score:52
1585|cert:Tipo B;score:32
1586|cert:Tipo B;score:4
1587|cert:Tipo C;score:3
1588|cert:Tipo B;score:33
1589|cert:Não Certificado;score:48
1590|cert:Não Certificado;score:44
1591|cert:Tipo C;score:74
1592|cert:Tipo B;score:26
1593|cert:Não Certificado;score:24
1594|cert:Tipo B;score:2
1595|cert:Tipo B;score:57
1596|cert:Não Certificado;score:37
1597|cert:Tipo C;score:97
1598|cert:Não Certificado;score:62
1599|cert:Tipo B;score:26
1600|cert:Tipo B;score:91
1601|cert:Não Certificado;score:52
1602|cert:Tipo B;score:68
1603|cert:Tipo B;score:60
1604|cert:Não Certificado;score:97
1605|cert:Tipo C;score:23
1606|cert:Tipo A;score:21
1607|cert:Tipo A;score:76
1608|cert:Tipo B;score:28
1609|cert:Não Certificado;score:92
1610|cert:Não Certificado;score:7
1611|cert:Tipo A;score:26
1612|cert:Tipo B;score:87
1613|cert:Tipo C;score:71
1614|cert:Tipo B;score:13
1615|cert:Tipo A;score:55
1616|cert:Tipo B;score:24
1617|cert:Não Certificado;score:78
1618|cert:Tipo A;score:47
1619|cert:Tipo A;score:60
1620|cert:Tipo A;score:56
1621|cert:Não Certificado;score:99
1622|cert:Tipo A;score:24
1623|cert:Tipo A;score:94
1624|cert:Tipo B;score:50
1625|cert:Tipo A;score:94
1626|cert:Tipo B;score:93
1627|cert:Tipo A;score:66
1628|cert:Tipo A;score:12
1629|cert:Não Certificado;score:21
1630|cert:Não Certificado;score:64
1631|cert:Tipo C;score:76
1632|cert:Tipo B;score:7
1633|cert:Tipo C;score:90
1634|cert:Não Certificado;score:18
1635|cert:Tipo C;score:44
1636|cert:Tipo B;score:43
1637|cert:Tipo C;score:98
1638|cert:Tipo C;score:67
1639|cert:Tipo A;score:17
1640|cert:Tipo B;score:6
1641|cert:Não Certificado;score:37
1642|cert:Tipo A;score:2
1643|cert:Não Certificado;score:60
1644|cert:Tipo B;score:77
1645|cert:Tipo A;score:18
1646|cert:Tipo A;score:71
1647|cert:Tipo C;score:56
1648|cert:Tipo B;score:69
1649|cert:Não Certificado;score:63
1650|cert:Tipo A;score:13
1651|cert:Tipo C;score:58
1652|cert:Não Certificado;score:32
1653|cert:Tipo A;score:61
1654|cert:Não Certificado;score:13
1655|cert:Tipo A;score:81
1656|cert:Tipo B;score:37
1657|cert:Tipo C;score:52
1658|cert:Não Certificado;score:43
1659|cert:Tipo A;score:50
1660|cert:Tipo B;score:17
1661|cert:Tipo A;score:71
1662|cert:Tipo C;score:14
1663|cert:Tipo C;score:46
1664|cert:Tipo B;score:18
1665|cert:Tipo A;score:49
1666|cert:Tipo B;score:57
1667|cert:Tipo B;score:72
1668|cert:Não Certificado;score:75
1669|cert:Tipo B;score:14
1670|cert:Tipo C;score:85
1671|cert:Tipo B;score:85
1672|cert:Tipo B;score:64
1673|cert:Tipo B;score:30
1674|cert:Tipo C;score:84
1675|cert:Tipo A;score:53
1676|cert:Tipo B;score:57
1677|cert:Não Certificado;score:4
1678|cert:Tipo C;score:93
1679|cert:Não Certificado;score:65
1680|cert:Tipo B;score:8
1681|cert:Não Certificado;score:85
1682|cert:Não Certificado;score:19
1683|cert:Tipo C;score:97
1684|cert:Não Certificado;score:67
1685|cert:Tipo C;score:52
1686|cert:Tipo C;score:23
1687|cert:Tipo B;score:17
1688|cert:Tipo B;score:75
1689|cert:Tipo A;score:56
1690|cert:Tipo C;score:20
1691|cert:Não Certificado;score:3
1692|cert:Não Certificado;score:46
1693|cert:Tipo C;score:99
1694|cert:Tipo A;score:54
1695|cert:Não Certificado;score:22
1696|cert:Tipo B;score:28
1697|cert:Tipo B;score:75
1698|cert:Tipo B;score:87
1699|cert:Tipo C;score:66
1700|cert:Tipo B;score:30
1701|cert:Não Certificado;score:94
1702|cert:Tipo A;score:18
1703|cert:Não Certificado;score:63
1704|cert:Tipo B;score:35
1705|cert:Tipo A;score:68
1706|cert:Tipo B;score:78
1707|cert:Tipo A;score:71
1708|cert:Tipo C;score:41
1709|cert:Tipo B;score:69
1710|cert:Tipo C;score:44
1711|cert:Tipo B;score:70
1712|cert:Tipo B;score:48
1713|cert:Não Certificado;score:71
1714|cert:Não Certificado;score:13
1715|cert:Tipo B;score:49
1716|cert:Tipo B;score:11
1717|cert:Não Certificado;score:6
1718|cert:Tipo B;score:49
1719|cert:Tipo A;score:80
1720|cert:Tipo B;score:11
1721|cert:Tipo C;score:69
1722|cert:Tipo A;score:90
1723|cert:Tipo A;score:2
1724|cert:Tipo A;score:3
1725|cert:Não Certificado;score:69
1726|cert:Tipo A;score:33
1727|cert:Tipo A;score:24
1728|cert:Tipo B;score:39
1729|cert:Tipo A;score:39
1730|cert:Não Certificado;score:3
1731|cert:Tipo B;score:67
1732|cert:Tipo C;score:26
1733|cert:Tipo C;score:73
1734|cert:Tipo C;score:44
1735|cert:Tipo C;score:65
1736|cert:Tipo B;score:68
1737|cert:Tipo B;score:18
1738|cert:Tipo A;score:73
1739|cert:Tipo C;score:92
1740|cert:Tipo C;score:3
1741|cert:Tipo C;score:85
1742|cert:Não Certificado;score:39
1743|cert:Tipo B;score:47
1744|cert:Tipo B;score:96
1745|cert:Tipo C;score:87
1746|cert:Tipo B;score:55
1747|cert:Não Certificado;score:64
1748|cert:Tipo A;score:12
1749|cert:Tipo C;score:99
1750|cert:Tipo A;score:26
1751|cert:Não Certificado;score:55
1752|cert:Tipo B;score:57
1753|cert:Tipo B;score:76
1754|cert:Tipo C;score:57
1755|cert:Não Certificado;score:30
1756|cert:Tipo C;score:35
1757|cert:Tipo C;score:15
1758|cert:Tipo C;score:92
1759|cert:Tipo A;score:80
1760|cert:Tipo B;score:44
1761|cert:Tipo B;score:43
1762|cert:Não Certificado;score:33
1763|cert:Não Certificado;score:20
1764|cert:Tipo A;score:6
1765|cert:Tipo C;score:91
1766|cert:Tipo C;score:75
1767|cert:Tipo B;score:92
1768|cert:Tipo B;score:40
1769|cert:Tipo A;score:11
1770|cert:Tipo A;score:81
1771|cert:Tipo A;score:81
1772|cert:Tipo C;score:0
1773|cert:Tipo A;score:91
1774|cert:Tipo A;score:81
1775|cert:Não Certificado;score:16
1776|cert:Tipo B;score:89
1777|cert:Tipo B;score:44
1778|cert:Tipo A;score:53
1779|cert:Não Certificado;score:50
1780|cert:Tipo C;score:45
1781|cert:Tipo B;score:65
1782|cert:Tipo C;score:10
1783|cert:Tipo A;score:19
1784|cert:Tipo B;score:75
1785|cert:Tipo C;score:4
1786|cert:Tipo B;score:97
1787|cert:Tipo C;score:51
1788|cert:Tipo C;score:93
1789|cert:Não Certificado;score:29
1790|cert:Não Certificado;score:19
1791|cert:Tipo B;score:89
1792|cert:Tipo B;score:15
1793|cert:Não Certificado;score:66
1794|cert:Tipo C;score:96
1795|cert:Tipo C;score:44
1796|cert:Tipo B;score:85
1797|cert:Tipo A;score:31
1798|cert:Tipo A;score:49
1799|cert:Tipo B;score:61
1800|cert:Tipo B;score:56
1801|cert:Tipo A;score:8
1802|cert:Não Certificado;score:61
1803|cert:Não Certificado;score:7
1804|cert:Tipo B;score:70
1805|cert:Tipo B;score:69
1806|cert:Tipo C;score:66
1807|cert:Tipo A;score:77
1808|cert:Tipo B;score:99
1809|cert:Tipo C;score:53
1810|cert:Tipo B;score:80
1811|cert:Tipo C;score:75
1812|cert:Tipo C;score:54
1813|cert:Tipo C;score:95
1814|cert:Não Certificado;score:70
1815|cert:Não Certificado;score:14
1816|cert:Tipo B;score:14
1817|cert:Não Certificado;score:14
1818|cert:Tipo C;score:53
1819|cert:Tipo B;score:7
1820|cert:Não Certificado;score:0
1821|cert:Tipo A;score:26
1822|cert:Tipo C;score:45
1823|cert:Não Certificado;score:93
1824|cert:Tipo B;score:70
1825|cert:Tipo A;score:41
1826|cert:Tipo A;score:69
1827|cert:Tipo B;score:25
1828|cert:Tipo C;score:59
1829|cert:Não Certificado;score:26
1830|cert:Tipo A;score:19
1831|cert:Tipo B;score:77
1832|cert:Tipo B;score:35
1833|cert:Tipo C;score:90
1834|cert:Tipo A;score:49
1835|cert:Tipo A;score:21
1836|cert:Tipo B;score:77
1837|cert:Tipo B;score:14
1838|cert:Não Certificado;score:59
1839|cert:Tipo A;score:6
1840|cert:Tipo B;score:21
1841|cert:Tipo C;score:43
1842|cert:Tipo C;score:29
1843|cert:Tipo A;score:90
1844|cert:Tipo B;score:26
1845|cert:Tipo C;score:54
1846|cert:Tipo A;score:0
1847|cert:Tipo B;score:89
1848|cert:Tipo B;score:69
1849|cert:Não Certificado;score:68
1850|cert:Tipo C;score:85
1851|cert:Tipo A;score:39
1852|cert:Tipo B;score:49
1853|cert:Tipo B;score:91
1854|cert:Tipo A;score:23
1855|cert:Não Certificado;score:33
1856|cert:Tipo B;score:41
1857|cert:Tipo C;score:65
1858|cert:Não Certificado;score:60
1859|cert:Tipo B;score:93
1860|cert:Tipo A;score:52
1861|cert:Não Certificado;score:79
1862|cert:Tipo A;score:46
1863|cert:Não Certificado;score:32
1864|cert:Tipo B;score:84
1865|cert:Não Certificado;score:21
1866|cert:Não Certificado;score:68
1867|cert:Não Certificado;score:54
1868|cert:Tipo A;score:50
1869|cert:Tipo B;score:68
1870|cert:Não Certificado;score:22
1871|cert:Não Certificado;score:40
1872|cert:Tipo B;score:54
1873|cert:Tipo C;score:19
1874|cert:Tipo B;score:88
1875|cert:Tipo C;score:63
1876|cert:Tipo C;score:7
1877|cert:Tipo C;score:24
1878|cert:Tipo B;score:67
1879|cert:Tipo A;score:73
1880|cert:Tipo B;score:32
1881|cert:Não Certificado;score:91
1882|cert:Não Certificado;score:92
1883|cert:Tipo A;score:13
1884|cert:Tipo A;score:55
1885|cert:Tipo A;score:8
1886|cert:Tipo A;score:94
1887|cert:Tipo A;score:86
1888|cert:Tipo B;score:72
1889|cert:Tipo C;score:39
1890|cert:Não Certificado;score:64
1891|cert:Não Certificado;score:5
1892|cert:Tipo C;score:66
1893|cert:Tipo C;score:50
1894|cert:Tipo B;score:53
1895|cert:Tipo A;score:23
1896|cert:Tipo B;score:32
1897|cert:Não Certificado;score:74
1898|cert:Não Certificado;score:25
1899|cert:Tipo C;score:13
1900|cert:Não Certificado;score:44
1901|cert:Tipo B;score:22
1902|cert:Tipo C;score:11
1903|cert:Tipo B;score:71
1904|cert:Tipo B;score:55
1905|cert:Não Certificado;score:5
1906|cert:Tipo C;score:32
1907|cert:Não Certificado;score:23
1908|cert:Tipo A;score:76
1909|cert:Tipo C;score:95
1910|cert:Tipo B;score:54
1911|cert:Tipo B;score:39
1912|cert:Tipo B;score:20
1913|cert:Tipo B;score:36
1914|cert:Tipo B;score:10
1915|cert:Tipo A;score:74
1916|cert:Não Certificado;score:85
1917|cert:Não Certificado;score:71
1918|cert:Tipo B;score:44
1919|cert:Não Certificado;score:65
1920|cert:Tipo B;score:65
1921|cert:Tipo C;score:3
1922|cert:Tipo A;score:11
1923|cert:Tipo A;score:17
1924|cert:Tipo B;score:98
1925|cert:Tipo B;score:71
1926|cert:Não Certificado;score:35
1927|cert:Tipo C;score:84
1928|cert:Tipo B;score:69
1929|cert:Tipo C;score:76
1930|cert:Não Certificado;score:34
1931|cert:Tipo A;score:12
1932|cert:Tipo B;score:38
1933|cert:Não Certificado;score:10
1934|cert:Tipo C;score:10
1935|cert:Tipo A;score:33
1936|cert:Tipo B;score:4
1937|cert:Tipo C;score:80
1938|cert:Tipo C;score:2
1939|cert:Tipo B;score:92
1940|cert:Tipo C;score:70
1941|cert:Tipo C;score:13
1942|cert:Tipo C;score:88
1943|cert:Tipo B;score:6
1944|cert:Tipo B;score:44
1945|cert:Tipo C;score:71
1946|cert:Tipo A;score:77
1947|cert:Tipo B;score:91
1948|cert:Tipo A;score:99
1949|cert:Tipo A;score:98
1950|cert:Tipo C;score:22
1951|cert:Não Certificado;score:24
1952|cert:Tipo B;score:45
1953|cert:Tipo C;score:78
1954|cert:Tipo B;score:65
1955|cert:Tipo A;score:74
1956|cert:Não Certificado;score:98
1957|cert:Tipo C;score:88
1958|cert:Tipo C;score:24
1959|cert:Não Certificado;score:3
1960|cert:Tipo B;score:38
1961|cert:Tipo B;score:57
1962|cert:Tipo C;score:23
1963|cert:Tipo C;score:67
1964|cert:Não Certificado;score:27
1965|cert:Tipo B;score:97
1966|cert:Tipo B;score:24
1967|cert:Tipo B;score:8
1968|cert:Tipo B;score:22
1969|cert:Tipo B;score:38
1970|cert:Tipo C;score:0
1971|cert:Tipo A;score:54
1972|cert:Tipo C;score:20
1973|cert:Tipo C;score:91
1974|cert:Tipo B;score:94
1975|cert:Tipo A;score:60
1976|cert:Tipo B;score:77
1977|cert:Tipo C;score:7
1978|cert:Não Certificado;score:10
1979|cert:Tipo A;score:73
1980|cert:Tipo B;score:50
1981|cert:Tipo A;score:41
1982|cert:Tipo A;score:60
1983|cert:Não Certificado;score:5
1984|cert:Tipo B;score:15
1985|cert:Tipo A;score:32
1986|cert:Não Certificado;score:80
1987|cert:Tipo B;score:81
1988|cert:Tipo A;score:43
1989|cert:Tipo C;score:19
1990|cert:Tipo B;score:29
1991|cert:Tipo C;score:39
1992|cert:Tipo B;score:63
1993|cert:Tipo A;score:92
1994|cert:Tipo C;score:54
1995|cert:Tipo B;score:48
1996|cert:Tipo A;score:82
1997|cert:Tipo A;score:99
1998|cert:Tipo C;score:5
1999|cert:Tipo A;score:28
