from|to|qty
1|0|4
2|1|2
3|2|1
4|3|5
5|4|5
6|5|5
6|1|3
7|6|1
7|2|1
8|7|2
9|8|5
9|6|1
10|9|4
10|7|2
11|10|4
12|11|4
13|12|5
14|13|2
15|14|1
16|15|2
17|16|3
18|17|4
19|18|2
20|19|1
21|20|3
22|21|5
23|22|5
23|18|3
24|23|4
25|24|1
26|25|3
26|24|2
27|26|1
28|27|4
29|28|3
30|29|4
31|30|3
32|31|4
32|27|2
33|32|1
34|33|5
35|34|4
35|33|3
36|35|3
36|32|1
37|36|4
38|37|4
38|36|2
39|38|1
39|34|3
40|39|1
40|35|2
41|40|1
41|36|1
42|41|1
42|39|3
43|42|5
44|43|2
45|44|2
45|40|3
46|45|5
46|44|2
47|46|2
47|42|2
48|47|4
49|48|1
50|49|4
51|50|5
52|51|1
53|52|4
54|53|2
54|49|2
55|54|3
55|53|3
56|55|1
56|51|1
57|56|2
57|55|3
58|57|1
59|58|4
60|59|3
60|55|1
61|60|1
62|61|1
63|62|2
64|63|2
65|64|2
65|60|3
66|65|1
67|66|2
67|63|1
68|67|5
69|68|4
70|69|3
71|70|2
72|71|2
72|68|3
73|72|2
73|70|2
74|73|2
75|74|1
76|75|2
77|76|1
78|77|5
79|78|2
80|79|4
81|80|4
82|81|5
82|78|2
83|82|5
84|83|1
84|82|3
85|84|4
86|85|1
87|86|5
88|87|2
89|88|3
90|89|5
91|90|5
92|91|3
93|92|4
94|93|5
95|94|2
96|95|2
97|96|1
98|97|1
99|98|1
100|99|1
100|95|3
101|100|3
102|101|3
103|102|1
104|103|1
105|104|3
106|105|3
106|104|2
107|106|1
108|107|2
109|108|1
110|109|4
111|110|1
112|111|4
112|108|1
113|112|3
114|113|2
115|114|4
116|115|4
117|116|5
118|117|2
119|118|2
120|119|3
120|117|1
121|120|2
122|121|3
123|122|2
124|123|2
125|124|5
126|125|5
127|126|1
127|124|2
128|127|5
128|123|1
129|128|2
130|129|1
130|127|2
131|130|2
132|131|4
132|129|3
133|132|4
134|133|4
135|134|5
136|135|3
136|132|2
137|136|3
137|135|2
138|137|2
139|138|5
139|134|3
140|139|2
140|137|1
141|140|5
142|141|4
143|142|5
143|141|2
144|143|4
145|144|4
146|145|4
147|146|2
148|147|4
148|145|3
149|148|2
150|149|1
151|150|3
152|151|1
153|152|1
154|153|2
155|154|3
156|155|5
156|154|2
157|156|2
158|157|2
158|155|2
159|158|1
160|159|2
161|160|2
162|161|3
163|162|1
164|163|3
165|164|2
166|165|3
167|166|2
168|167|4
169|168|2
170|169|1
171|170|2
172|171|1
173|172|5
174|173|5
174|170|2
175|174|2
176|175|4
177|176|5
178|177|2
178|173|1
179|178|5
179|175|3
180|179|4
181|180|4
182|181|4
183|182|3
184|183|1
184|182|3
185|184|5
186|185|5
187|186|5
188|187|3
189|188|4
190|189|3
190|188|2
191|190|4
192|191|1
193|192|1
194|193|3
195|194|5
196|195|5
197|196|1
198|197|1
198|195|1
199|198|4
200|199|5
201|200|5
201|199|3
202|201|1
203|202|2
204|203|4
205|204|2
206|205|3
207|206|1
207|202|3
208|207|3
209|208|1
209|204|3
210|209|4
211|210|5
212|211|4
213|212|5
213|210|1
214|213|3
215|214|2
216|215|1
216|211|3
217|216|5
217|212|3
218|217|4
218|213|1
219|218|5
220|219|3
221|220|4
222|221|4
223|222|5
224|223|5
225|224|2
226|225|5
227|226|3
228|227|2
229|228|1
230|229|5
231|230|2
231|227|3
232|231|1
233|232|4
234|233|2
235|234|3
236|235|5
237|236|5
238|237|5
239|238|1
240|239|1
240|237|2
241|240|5
242|241|2
242|240|1
243|242|5
244|243|5
244|241|3
245|244|3
246|245|2
247|246|3
247|245|1
248|247|3
248|246|3
249|248|4
250|249|1
250|246|2
251|250|3
251|249|2
252|251|3
253|252|2
253|248|1
254|253|1
255|254|3
256|255|4
257|256|1
258|257|3
259|258|3
260|259|3
260|257|1
261|260|2
262|261|5
262|258|2
263|262|5
263|258|2
264|263|4
265|264|1
266|265|2
267|266|3
267|265|2
268|267|3
269|268|1
270|269|3
270|265|1
271|270|3
271|268|2
272|271|1
272|267|2
273|272|4
274|273|2
275|274|1
276|275|2
277|276|5
278|277|1
279|278|3
280|279|3
280|278|3
281|280|3
282|281|4
283|282|1
284|283|1
285|284|5
286|285|1
287|286|4
288|287|4
289|288|5
290|289|2
290|285|3
291|290|1
292|291|2
293|292|3
294|293|5
294|291|2
295|294|3
296|295|2
296|294|2
297|296|4
297|292|2
298|297|3
299|298|5
299|295|3
300|299|3
300|296|3
301|300|5
302|301|3
302|299|3
303|302|1
304|303|5
305|304|3
306|305|2
307|306|1
308|307|5
309|308|2
309|305|1
310|309|5
310|305|3
311|310|3
312|311|4
312|307|2
313|312|3
313|309|1
314|313|2
315|314|5
316|315|3
317|316|3
317|314|1
318|317|3
319|318|3
320|319|2
321|320|2
322|321|3
323|322|1
324|323|4
325|324|2
325|320|1
326|325|5
327|326|3
328|327|5
328|326|1
329|328|1
329|324|3
330|329|5
331|330|1
331|329|2
332|331|1
333|332|3
334|333|2
335|334|2
336|335|5
337|336|3
338|337|2
338|335|1
339|338|3
340|339|4
340|337|1
341|340|1
342|341|4
343|342|2
343|339|3
344|343|1
344|340|3
345|344|2
346|345|2
347|346|1
347|342|2
348|347|1
348|344|1
349|348|1
350|349|2
351|350|2
352|351|2
353|352|5
354|353|1
354|350|2
355|354|5
355|353|3
356|355|2
357|356|1
358|357|5
359|358|1
359|356|3
360|359|4
360|358|1
361|360|5
361|359|2
362|361|3
362|359|3
363|362|5
364|363|5
365|364|1
366|365|1
367|366|2
367|362|3
368|367|1
369|368|2
370|369|1
370|366|1
371|370|3
372|371|5
372|368|2
373|372|1
374|373|2
375|374|3
375|373|3
376|375|4
376|374|3
377|376|3
377|373|3
378|377|2
379|378|1
380|379|4
381|380|1
382|381|1
383|382|4
383|380|2
384|383|4
385|384|2
386|385|2
387|386|3
388|387|2
388|386|3
389|388|3
389|384|2
390|389|2
391|390|4
391|386|1
392|391|4
392|388|1
393|392|1
394|393|5
395|394|1
396|395|1
397|396|1
398|397|2
399|398|5
400|399|2
401|400|5
402|401|3
403|402|5
404|403|5
404|402|1
405|404|2
406|405|2
407|406|1
408|407|1
409|408|1
410|409|2
410|408|3
411|410|3
412|411|2
413|412|3
414|413|3
414|410|2
415|414|1
415|413|2
416|415|1
417|416|2
418|417|5
419|418|5
420|419|4
421|420|5
422|421|1
422|419|1
423|422|4
424|423|2
424|419|3
425|424|4
426|425|1
426|423|2
427|426|5
428|427|1
429|428|1
430|429|4
431|430|1
432|431|1
433|432|2
433|429|1
434|433|4
435|434|5
436|435|2
437|436|1
438|437|5
438|435|3
439|438|2
440|439|1
441|440|3
442|441|3
443|442|4
444|443|5
445|444|1
446|445|3
446|443|1
447|446|1
448|447|5
449|448|2
450|449|2
451|450|5
451|448|1
452|451|4
453|452|5
454|453|4
455|454|5
455|450|3
456|455|3
456|451|2
457|456|4
458|457|3
459|458|2
460|459|1
461|460|2
462|461|2
463|462|4
463|458|2
464|463|4
464|459|3
465|464|4
466|465|5
466|461|1
467|466|2
468|467|1
469|468|4
469|464|2
470|469|5
471|470|5
472|471|3
473|472|4
473|469|3
474|473|2
475|474|1
476|475|3
477|476|3
477|472|3
478|477|3
479|478|4
479|476|1
480|479|4
481|480|4
481|479|1
482|481|4
483|482|4
484|483|1
485|484|2
485|482|2
486|485|4
487|486|1
487|482|1
488|487|3
489|488|4
489|484|3
490|489|1
491|490|5
492|491|3
492|490|2
493|492|2
493|490|2
494|493|3
495|494|4
496|495|1
497|496|3
497|493|3
498|497|1
498|493|3
499|498|2
500|499|4
501|500|4
502|501|2
502|498|2
503|502|4
504|503|4
505|504|2
505|502|1
506|505|1
506|501|3
507|506|3
508|507|5
509|508|4
510|509|5
511|510|1
512|511|4
512|507|2
513|512|4
514|513|3
515|514|4
515|512|1
516|515|3
517|516|2
518|517|1
519|518|3
520|519|2
521|520|4
521|517|1
522|521|3
523|522|3
523|518|2
524|523|5
525|524|4
526|525|3
527|526|5
528|527|4
529|528|2
529|527|1
530|529|5
531|530|3
531|529|3
532|531|3
533|532|3
534|533|1
535|534|1
536|535|4
536|531|2
537|536|2
538|537|4
539|538|3
540|539|3
540|537|2
541|540|4
541|539|2
542|541|1
543|542|4
544|543|4
544|540|3
545|544|2
545|543|2
546|545|2
547|546|1
547|543|1
548|547|1
549|548|3
549|546|3
550|549|2
550|546|2
551|550|2
552|551|4
553|552|2
553|551|1
554|553|3
554|551|3
555|554|2
555|553|1
556|555|4
557|556|5
557|552|1
558|557|3
559|558|1
560|559|4
561|560|5
561|556|1
562|561|3
563|562|1
563|561|3
564|563|1
564|560|3
565|564|1
566|565|2
567|566|4
568|567|1
568|564|3
569|568|3
569|566|2
570|569|1
571|570|3
572|571|3
573|572|1
574|573|3
575|574|2
576|575|3
577|576|5
578|577|5
579|578|5
580|579|4
580|578|3
581|580|1
582|581|4
582|579|1
583|582|1
583|579|2
584|583|4
585|584|4
586|585|5
587|586|1
588|587|5
588|586|2
589|588|3
590|589|3
591|590|1
591|587|1
592|591|3
593|592|2
594|593|5
595|594|5
596|595|3
597|596|1
598|597|4
598|593|2
599|598|4
600|599|4
601|600|1
601|599|3
602|601|3
602|597|1
603|602|5
604|603|5
605|604|1
606|605|2
607|606|2
608|607|1
609|608|3
609|604|1
610|609|4
610|607|2
611|610|3
611|607|2
612|611|3
612|608|3
613|612|2
613|611|3
614|613|5
615|614|1
616|615|1
617|616|2
618|617|5
618|613|3
619|618|5
620|619|2
621|620|5
622|621|4
623|622|3
624|623|4
625|624|5
626|625|3
627|626|5
628|627|4
629|628|3
630|629|1
631|630|1
632|631|4
632|627|1
633|632|1
634|633|5
635|634|4
635|633|1
636|635|4
637|636|2
638|637|5
639|638|5
640|639|1
641|640|4
642|641|5
643|642|2
644|643|1
645|644|5
646|645|1
647|646|2
648|647|4
649|648|4
650|649|4
650|648|2
651|650|4
651|649|2
652|651|4
652|648|3
653|652|4
653|651|1
654|653|4
655|654|1
656|655|3
657|656|4
658|657|1
659|658|2
659|654|1
660|659|1
661|660|2
662|661|4
662|660|3
663|662|5
664|663|3
665|664|4
666|665|5
667|666|4
668|667|2
669|668|5
670|669|2
671|670|2
672|671|5
673|672|3
673|671|1
674|673|1
674|669|2
675|674|4
675|671|1
676|675|3
677|676|3
677|675|2
678|677|4
679|678|3
680|679|4
681|680|3
682|681|3
682|678|3
683|682|3
684|683|3
684|680|2
685|684|2
686|685|5
687|686|3
687|685|3
688|687|2
689|688|5
690|689|3
691|690|4
691|688|3
692|691|4
693|692|1
694|693|1
695|694|1
696|695|2
697|696|4
698|697|1
698|693|2
699|698|1
700|699|4
701|700|1
702|701|4
702|699|3
703|702|3
703|701|1
704|703|4
704|701|2
705|704|4
706|705|5
706|702|1
707|706|1
707|702|1
708|707|1
709|708|5
709|704|2
710|709|1
711|710|1
712|711|4
713|712|3
714|713|4
715|714|1
715|713|2
716|715|5
717|716|3
718|717|2
718|715|1
719|718|5
720|719|4
721|720|4
721|716|2
722|721|1
723|722|1
723|721|1
724|723|4
725|724|4
726|725|2
727|726|3
728|727|1
729|728|1
730|729|1
731|730|2
732|731|5
733|732|1
733|728|3
734|733|4
735|734|2
736|735|1
737|736|3
738|737|4
738|734|3
739|738|4
739|735|1
740|739|2
740|735|2
741|740|1
741|737|2
742|741|2
742|740|2
743|742|1
744|743|4
745|744|1
746|745|5
747|746|5
747|742|2
748|747|4
749|748|1
750|749|2
751|750|5
751|749|3
752|751|2
753|752|1
754|753|4
755|754|3
756|755|2
757|756|4
758|757|5
759|758|1
760|759|4
761|760|2
762|761|5
762|759|1
763|762|5
764|763|2
765|764|2
766|765|3
767|766|3
768|767|1
769|768|4
770|769|4
771|770|4
772|771|4
773|772|1
773|771|2
774|773|3
774|772|3
775|774|1
776|775|4
776|771|3
777|776|5
778|777|3
778|773|1
779|778|2
779|777|2
780|779|2
781|780|2
782|781|4
782|780|1
783|782|5
783|780|3
784|783|4
784|781|3
785|784|4
786|785|3
786|783|1
787|786|2
788|787|5
788|783|1
789|788|1
790|789|2
790|786|3
791|790|2
791|787|2
792|791|4
793|792|4
793|791|3
794|793|2
795|794|2
796|795|5
797|796|5
798|797|4
799|798|3
800|799|1
801|800|2
802|801|4
802|798|2
803|802|2
803|798|1
804|803|1
805|804|5
806|805|1
807|806|3
808|807|4
808|804|3
809|808|5
810|809|2
811|810|3
812|811|1
813|812|2
814|813|2
814|809|1
815|814|5
816|815|4
817|816|5
818|817|4
819|818|1
820|819|3
821|820|4
822|821|4
822|818|2
823|822|4
824|823|5
825|824|5
826|825|1
826|822|1
827|826|1
827|825|3
828|827|4
829|828|2
830|829|1
831|830|3
832|831|1
832|829|2
833|832|5
833|830|1
834|833|1
834|832|3
835|834|2
835|832|1
836|835|4
837|836|5
837|834|2
838|837|3
839|838|2
839|836|1
840|839|3
840|837|2
841|840|5
842|841|2
843|842|3
844|843|5
845|844|3
846|845|2
846|842|3
847|846|5
848|847|1
848|843|1
849|848|4
850|849|5
850|847|1
851|850|4
852|851|5
853|852|5
854|853|5
855|854|4
855|853|2
856|855|5
857|856|5
858|857|3
859|858|3
860|859|5
861|860|4
862|861|5
863|862|5
864|863|5
865|864|2
865|860|3
866|865|1
867|866|2
868|867|3
869|868|2
870|869|1
871|870|3
872|871|4
873|872|5
874|873|5
875|874|2
875|870|2
876|875|1
876|872|3
877|876|4
878|877|4
878|874|3
879|878|4
879|876|2
880|879|1
881|880|1
882|881|5
882|879|1
883|882|2
883|878|2
884|883|5
885|884|5
886|885|1
887|886|3
888|887|4
888|885|2
889|888|3
890|889|5
891|890|2
891|887|1
892|891|1
893|892|4
894|893|3
894|890|2
895|894|2
895|891|1
896|895|4
896|892|2
897|896|5
898|897|5
898|896|3
899|898|2
899|896|2
900|899|5
900|898|2
901|900|5
901|899|3
902|901|3
902|900|1
903|902|3
904|903|1
905|904|4
906|905|4
907|906|5
908|907|3
909|908|1
910|909|4
911|910|2
911|907|2
912|911|3
912|910|2
913|912|4
914|913|2
915|914|1
915|910|2
916|915|3
916|911|1
917|916|2
918|917|3
918|913|3
919|918|5
919|914|2
920|919|4
920|915|3
921|920|1
922|921|3
922|917|1
923|922|5
923|920|1
924|923|5
924|919|2
925|924|2
926|925|4
927|926|3
928|927|1
929|928|4
929|924|2
930|929|4
931|930|1
932|931|3
933|932|4
933|931|2
934|933|3
935|934|2
935|931|2
936|935|4
937|936|4
938|937|5
939|938|3
940|939|5
941|940|3
942|941|4
943|942|1
943|940|3
944|943|3
944|942|3
945|944|3
945|943|1
946|945|2
946|944|2
947|946|4
948|947|2
949|948|5
950|949|1
951|950|3
952|951|5
953|952|2
953|948|2
954|953|2
955|954|1
956|955|1
957|956|4
958|957|1
959|958|5
960|959|5
960|956|1
961|960|1
962|961|1
962|960|3
963|962|2
964|963|1
964|962|3
965|964|2
966|965|3
967|966|4
967|963|2
968|967|2
969|968|4
970|969|5
971|970|1
972|971|5
972|968|1
973|972|1
973|971|2
974|973|5
975|974|1
976|975|5
977|976|3
978|977|5
979|978|2
980|979|4
980|978|3
981|980|2
981|979|2
982|981|5
983|982|1
984|983|4
985|984|5
985|983|3
986|985|1
987|986|1
988|987|1
989|988|4
990|989|1
991|990|3
992|991|3
993|992|3
993|990|1
994|993|5
995|994|4
996|995|2
997|996|1
998|997|4
998|993|1
999|998|3
1000|999|1
1000|998|1
1001|1000|3
1002|1001|4
1003|1002|3
1004|1003|2
1004|1001|3
1005|1004|1
1005|1002|1
1006|1005|1
1007|1006|4
1008|1007|5
1008|1004|2
1009|1008|5
1010|1009|5
1010|1005|1
1011|1010|3
1012|1011|1
1012|1010|3
1013|1012|5
1013|1008|1
1014|1013|5
1014|1009|1
1015|1014|3
1016|1015|3
1017|1016|5
1018|1017|3
1019|1018|4
1020|1019|5
1020|1015|1
1021|1020|3
1022|1021|1
1023|1022|1
1024|1023|1
1025|1024|2
1026|1025|2
1027|1026|4
1028|1027|4
1028|1023|1
1029|1028|2
1029|1027|3
1030|1029|1
1031|1030|4
1032|1031|1
1032|1029|3
1033|1032|4
1034|1033|3
1035|1034|3
1035|1033|2
1036|1035|1
1036|1033|3
1037|1036|3
1038|1037|5
1038|1034|3
1039|1038|4
1040|1039|1
1041|1040|4
1042|1041|1
1042|1037|3
1043|1042|3
1043|1040|3
1044|1043|3
1045|1044|4
1046|1045|4
1046|1041|2
1047|1046|3
1048|1047|4
1049|1048|3
1050|1049|1
1051|1050|2
1052|1051|5
1053|1052|4
1053|1051|2
1054|1053|4
1054|1052|2
1055|1054|5
1056|1055|5
1056|1054|1
1057|1056|3
1058|1057|4
1059|1058|5
1060|1059|5
1061|1060|1
1061|1059|1
1062|1061|3
1063|1062|2
1063|1059|1
1064|1063|2
1065|1064|4
1066|1065|2
1067|1066|2
1067|1062|2
1068|1067|5
1068|1064|1
1069|1068|3
1069|1065|3
1070|1069|4
1071|1070|5
1072|1071|2
1073|1072|2
1074|1073|4
1074|1072|3
1075|1074|5
1076|1075|5
1076|1072|1
1077|1076|2
1078|1077|3
1078|1074|2
1079|1078|2
1080|1079|2
1081|1080|3
1082|1081|3
1083|1082|1
1084|1083|2
1085|1084|5
1086|1085|1
1087|1086|3
1088|1087|3
1089|1088|1
1089|1086|1
1090|1089|5
1090|1087|1
1091|1090|4
1091|1088|1
1092|1091|5
1093|1092|1
1093|1089|2
1094|1093|2
1095|1094|3
1095|1091|2
1096|1095|2
1097|1096|1
1098|1097|3
1098|1096|1
1099|1098|3
1100|1099|1
1101|1100|5
1102|1101|4
1103|1102|5
1104|1103|2
1105|1104|5
1106|1105|4
1107|1106|3
1108|1107|4
1108|1106|2
1109|1108|5
1110|1109|2
1111|1110|2
1112|1111|1
1112|1107|3
1113|1112|2
1114|1113|2
1115|1114|3
1116|1115|2
1117|1116|2
1118|1117|3
1118|1116|1
1119|1118|1
1120|1119|2
1121|1120|5
1122|1121|5
1122|1120|2
1123|1122|3
1123|1121|2
1124|1123|4
1125|1124|5
1126|1125|1
1127|1126|1
1128|1127|2
1128|1126|1
1129|1128|1
1129|1127|2
1130|1129|5
1131|1130|1
1132|1131|4
1133|1132|4
1133|1130|3
1134|1133|4
1135|1134|2
1136|1135|2
1137|1136|2
1137|1133|3
1138|1137|3
1138|1134|3
1139|1138|2
1139|1135|1
1140|1139|2
1140|1136|1
1141|1140|2
1142|1141|1
1142|1137|3
1143|1142|4
1143|1140|3
1144|1143|3
1145|1144|1
1145|1143|3
1146|1145|4
1147|1146|5
1148|1147|5
1148|1144|3
1149|1148|1
1149|1147|3
1150|1149|1
1151|1150|3
1152|1151|3
1152|1148|2
1153|1152|4
1154|1153|4
1154|1152|1
1155|1154|1
1156|1155|4
1156|1153|1
1157|1156|1
1158|1157|4
1159|1158|4
1159|1156|2
1160|1159|5
1161|1160|1
1161|1157|3
1162|1161|5
1163|1162|5
1164|1163|4
1164|1160|3
1165|1164|4
1166|1165|1
1167|1166|3
1168|1167|1
1169|1168|4
1169|1166|3
1170|1169|4
1170|1166|1
1171|1170|4
1172|1171|4
1173|1172|1
1174|1173|3
1175|1174|3
1175|1172|3
1176|1175|4
1176|1172|3
1177|1176|4
1178|1177|5
1179|1178|1
1179|1175|2
1180|1179|3
1181|1180|4
1181|1176|1
1182|1181|4
1183|1182|2
1184|1183|1
1185|1184|2
1186|1185|2
1186|1181|2
1187|1186|1
1187|1185|2
1188|1187|4
1189|1188|3
1190|1189|3
1191|1190|5
1191|1187|1
1192|1191|5
1193|1192|5
1193|1188|2
1194|1193|4
1195|1194|3
1195|1191|2
1196|1195|4
1196|1194|2
1197|1196|1
1197|1195|2
1198|1197|1
1199|1198|5
1200|1199|5
1201|1200|2
1202|1201|4
1202|1199|3
1203|1202|2
1204|1203|3
1205|1204|2
1206|1205|5
1207|1206|5
1208|1207|1
1209|1208|2
1210|1209|2
1211|1210|4
1211|1208|1
1212|1211|4
1213|1212|1
1214|1213|5
1215|1214|5
1215|1212|2
1216|1215|2
1216|1213|3
1217|1216|4
1218|1217|4
1219|1218|3
1220|1219|4
1221|1220|5
1221|1217|2
1222|1221|1
1222|1220|2
1223|1222|2
1224|1223|5
1225|1224|2
1226|1225|1
1227|1226|1
1228|1227|1
1229|1228|5
1229|1225|1
1230|1229|5
1230|1228|1
1231|1230|5
1231|1228|2
1232|1231|5
1233|1232|5
1234|1233|3
1235|1234|5
1236|1235|4
1236|1231|3
1237|1236|5
1238|1237|1
1239|1238|2
1240|1239|5
1241|1240|1
1242|1241|5
1243|1242|3
1243|1240|3
1244|1243|3
1244|1241|2
1245|1244|2
1246|1245|2
1247|1246|5
1247|1245|3
1248|1247|3
1249|1248|5
1249|1247|2
1250|1249|4
1251|1250|5
1252|1251|2
1252|1249|2
1253|1252|2
1253|1248|2
1254|1253|2
1255|1254|4
1256|1255|5
1257|1256|1
1257|1254|1
1258|1257|4
1259|1258|2
1260|1259|3
1261|1260|2
1262|1261|3
1262|1257|3
1263|1262|2
1263|1261|1
1264|1263|3
1265|1264|5
1266|1265|3
1267|1266|4
1268|1267|4
1269|1268|5
1269|1267|2
1270|1269|5
1271|1270|4
1271|1266|3
1272|1271|5
1273|1272|4
1274|1273|4
1275|1274|4
1276|1275|5
1277|1276|3
1277|1272|2
1278|1277|3
1278|1273|1
1279|1278|5
1280|1279|5
1281|1280|4
1282|1281|2
1283|1282|3
1284|1283|3
1284|1281|3
1285|1284|1
1286|1285|5
1286|1282|3
1287|1286|5
1288|1287|5
1288|1283|3
1289|1288|3
1289|1284|1
1290|1289|3
1290|1288|1
1291|1290|5
1292|1291|5
1292|1288|3
1293|1292|2
1294|1293|3
1294|1289|2
1295|1294|3
1296|1295|4
1297|1296|3
1298|1297|4
1299|1298|3
1299|1296|2
1300|1299|2
1301|1300|3
1301|1297|3
1302|1301|5
1303|1302|2
1303|1298|3
1304|1303|3
1305|1304|2
1306|1305|2
1306|1301|2
1307|1306|3
1307|1304|1
1308|1307|5
1309|1308|5
1310|1309|4
1311|1310|5
1311|1307|3
1312|1311|5
1313|1312|4
1314|1313|4
1315|1314|1
1316|1315|3
1317|1316|4
1318|1317|2
1319|1318|4
1319|1317|3
1320|1319|5
1320|1315|1
1321|1320|3
1321|1317|2
1322|1321|4
1323|1322|5
1324|1323|1
1325|1324|2
1325|1320|3
1326|1325|1
1326|1324|3
1327|1326|5
1327|1322|1
1328|1327|2
1329|1328|2
1330|1329|5
1331|1330|4
1332|1331|3
1333|1332|5
1333|1329|1
1334|1333|5
1335|1334|2
1336|1335|1
1337|1336|5
1338|1337|1
1339|1338|1
1340|1339|5
1341|1340|4
1342|1341|1
1343|1342|4
1344|1343|5
1345|1344|3
1346|1345|5
1347|1346|5
1348|1347|3
1349|1348|4
1350|1349|2
1351|1350|1
1351|1349|1
1352|1351|4
1353|1352|2
1354|1353|3
1355|1354|3
1356|1355|5
1357|1356|2
1357|1354|1
1358|1357|5
1358|1356|2
1359|1358|3
1360|1359|5
1361|1360|3
1362|1361|2
1363|1362|5
1364|1363|3
1365|1364|2
1366|1365|2
1367|1366|5
1367|1365|2
1368|1367|3
1369|1368|2
1370|1369|5
1371|1370|2
1372|1371|5
1372|1369|1
1373|1372|5
1374|1373|5
1374|1370|1
1375|1374|3
1376|1375|5
1377|1376|2
1377|1372|3
1378|1377|1
1379|1378|1
1380|1379|4
1381|1380|2
1382|1381|2
1383|1382|5
1383|1379|2
1384|1383|2
1385|1384|1
1386|1385|4
1387|1386|2
1388|1387|2
1389|1388|4
1390|1389|4
1390|1386|2
1391|1390|3
1391|1388|2
1392|1391|2
1393|1392|4
1393|1389|3
1394|1393|2
1394|1389|3
1395|1394|4
1396|1395|4
1396|1391|3
1397|1396|3
1398|1397|4
1398|1393|3
1399|1398|2
1400|1399|3
1401|1400|3
1402|1401|1
1403|1402|3
1403|1399|3
1404|1403|5
1405|1404|4
1406|1405|1
1407|1406|5
1407|1403|2
1408|1407|3
1409|1408|1
1410|1409|5
1411|1410|4
1412|1411|2
1413|1412|1
1414|1413|3
1415|1414|2
1415|1412|1
1416|1415|1
1417|1416|5
1417|1415|2
1418|1417|2
1419|1418|1
1419|1416|2
1420|1419|5
1421|1420|1
1422|1421|3
1422|1417|3
1423|1422|1
1424|1423|4
1425|1424|1
1426|1425|4
1427|1426|1
1428|1427|5
1428|1426|3
1429|1428|1
1430|1429|1
1430|1426|1
1431|1430|5
1432|1431|5
1433|1432|2
1434|1433|5
1435|1434|4
1436|1435|1
1437|1436|1
1438|1437|1
1439|1438|5
1440|1439|1
1440|1437|1
1441|1440|5
1442|1441|2
1443|1442|5
1444|1443|3
1444|1439|2
1445|1444|5
1445|1441|2
1446|1445|5
1447|1446|2
1447|1442|1
1448|1447|1
1449|1448|3
1450|1449|5
1450|1448|3
1451|1450|4
1452|1451|4
1453|1452|5
1454|1453|5
1455|1454|3
1456|1455|3
1457|1456|1
1458|1457|5
1459|1458|1
1460|1459|3
1461|1460|2
1462|1461|5
1463|1462|5
1464|1463|5
1464|1462|2
1465|1464|5
1466|1465|3
1467|1466|3
1468|1467|1
1468|1465|1
1469|1468|2
1470|1469|3
1470|1468|1
1471|1470|4
1472|1471|1
1473|1472|1
1474|1473|3
1475|1474|2
1475|1470|2
1476|1475|1
1477|1476|3
1477|1472|1
1478|1477|2
1479|1478|4
1479|1474|1
1480|1479|4
1481|1480|2
1482|1481|2
1483|1482|1
1483|1481|3
1484|1483|1
1485|1484|4
1486|1485|1
1487|1486|3
1488|1487|1
1488|1483|2
1489|1488|3
1490|1489|1
1491|1490|5
1492|1491|4
1493|1492|1
1494|1493|5
1495|1494|3
1496|1495|4
1497|1496|3
1497|1494|2
1498|1497|2
1499|1498|3
1500|1499|3
1501|1500|1
1502|1501|4
1503|1502|2
1504|1503|2
1505|1504|2
1506|1505|5
1507|1506|5
1508|1507|5
1508|1503|3
1509|1508|4
1509|1507|3
1510|1509|5
1510|1506|2
1511|1510|2
1512|1511|2
1513|1512|3
1514|1513|5
1514|1510|1
1515|1514|2
1516|1515|4
1517|1516|3
1517|1512|2
1518|1517|5
1518|1514|1
1519|1518|5
1520|1519|2
1521|1520|2
1522|1521|1
1523|1522|5
1524|1523|1
1525|1524|5
1526|1525|3
1526|1524|2
1527|1526|2
1528|1527|3
1529|1528|2
1530|1529|5
1530|1525|3
1531|1530|1
1532|1531|1
1532|1529|1
1533|1532|1
1534|1533|2
1534|1532|3
1535|1534|2
1535|1531|1
1536|1535|2
1537|1536|3
1538|1537|5
1539|1538|2
1540|1539|4
1541|1540|1
1542|1541|1
1543|1542|1
1544|1543|2
1544|1540|2
1545|1544|3
1545|1542|3
1546|1545|3
1546|1543|3
1547|1546|3
1548|1547|3
1549|1548|2
1550|1549|3
1551|1550|4
1552|1551|1
1553|1552|3
1553|1548|3
1554|1553|5
1555|1554|3
1556|1555|3
1557|1556|1
1558|1557|3
1559|1558|1
1560|1559|5
1561|1560|1
1562|1561|1
1563|1562|5
1564|1563|4
1565|1564|4
1566|1565|3
1567|1566|2
1567|1565|3
1568|1567|5
1569|1568|2
1569|1567|2
1570|1569|2
1570|1565|2
1571|1570|4
1572|1571|3
1573|1572|2
1574|1573|5
1575|1574|1
1576|1575|5
1576|1573|3
1577|1576|5
1578|1577|3
1579|1578|5
1580|1579|5
1581|1580|5
1582|1581|5
1583|1582|4
1584|1583|1
1585|1584|1
1586|1585|5
1587|1586|3
1588|1587|3
1589|1588|4
1590|1589|4
1591|1590|3
1591|1587|2
1592|1591|1
1593|1592|3
1593|1588|3
1594|1593|3
1594|1590|2
1595|1594|1
1596|1595|1
1597|1596|2
1598|1597|2
1598|1593|3
1599|1598|3
1599|1597|2
1600|1599|4
1601|1600|4
1602|1601|3
1603|1602|5
1604|1603|5
1604|1601|3
1605|1604|2
1606|1605|4
1607|1606|5
1608|1607|2
1608|1604|3
1609|1608|5
1609|1605|2
1610|1609|1
1610|1606|3
1611|1610|5
1611|1609|2
1612|1611|2
1612|1607|1
1613|1612|1
1614|1613|5
1614|1610|2
1615|1614|3
1616|1615|3
1617|1616|2
1618|1617|1
1618|1616|3
1619|1618|2
1620|1619|3
1620|1618|3
1621|1620|2
1622|1621|3
1623|1622|3
1624|1623|5
1625|1624|1
1626|1625|1
1627|1626|4
1628|1627|3
1628|1626|1
1629|1628|2
1630|1629|5
1631|1630|5
1631|1627|1
1632|1631|2
1633|1632|3
1633|1629|3
1634|1633|3
1635|1634|3
1636|1635|4
1636|1632|3
1637|1636|2
1638|1637|4
1638|1635|1
1639|1638|5
1640|1639|4
1640|1638|3
1641|1640|2
1641|1636|2
1642|1641|5
1642|1638|2
1643|1642|1
1644|1643|3
1645|1644|5
1646|1645|4
1646|1642|3
1647|1646|4
1647|1643|2
1648|1647|2
1648|1644|3
1649|1648|1
1650|1649|2
1651|1650|4
1651|1647|1
1652|1651|1
1653|1652|1
1654|1653|2
1655|1654|3
1655|1653|2
1656|1655|5
1657|1656|1
1657|1653|3
1658|1657|4
1659|1658|4
1660|1659|5
1661|1660|3
1662|1661|4
1662|1658|3
1663|1662|2
1664|1663|3
1664|1659|2
1665|1664|1
1665|1660|2
1666|1665|1
1667|1666|4
1668|1667|4
1669|1668|1
1670|1669|1
1671|1670|1
1672|1671|4
1673|1672|1
1674|1673|4
1675|1674|5
1675|1671|1
1676|1675|2
1676|1673|2
1677|1676|5
1677|1673|3
1678|1677|1
1679|1678|5
1680|1679|2
1681|1680|5
1682|1681|5
1683|1682|3
1684|1683|4
1685|1684|2
1685|1682|2
1686|1685|5
1687|1686|2
1688|1687|3
1688|1685|2
1689|1688|1
1690|1689|4
1691|1690|4
1692|1691|1
1692|1688|3
1693|1692|3
1694|1693|1
1695|1694|2
1695|1693|1
1696|1695|2
1696|1691|1
1697|1696|5
1698|1697|3
1698|1696|3
1699|1698|1
1700|1699|5
1701|1700|2
1702|1701|1
1702|1699|2
1703|1702|5
1704|1703|2
1705|1704|4
1705|1700|1
1706|1705|2
1706|1701|3
1707|1706|1
1708|1707|3
1709|1708|1
1709|1707|1
1710|1709|4
1711|1710|4
1711|1707|2
1712|1711|2
1713|1712|2
1713|1711|3
1714|1713|4
1714|1709|3
1715|1714|4
1715|1710|3
1716|1715|2
1717|1716|1
1717|1712|1
1718|1717|4
1718|1714|3
1719|1718|2
1719|1714|3
1720|1719|1
1720|1717|3
1721|1720|4
1722|1721|1
1722|1717|2
1723|1722|5
1724|1723|2
1725|1724|1
1725|1720|2
1726|1725|4
1727|1726|4
1727|1723|3
1728|1727|2
1729|1728|1
1730|1729|4
1731|1730|3
1732|1731|4
1733|1732|5
1734|1733|1
1734|1731|3
1735|1734|5
1735|1730|1
1736|1735|3
1737|1736|1
1738|1737|3
1739|1738|1
1739|1737|1
1740|1739|3
1741|1740|5
1742|1741|4
1743|1742|2
1744|1743|5
1745|1744|4
1746|1745|4
1746|1744|3
1747|1746|4
1748|1747|3
1749|1748|3
1750|1749|4
1751|1750|3
1752|1751|3
1752|1748|3
1753|1752|3
1754|1753|1
1755|1754|5
1756|1755|4
1757|1756|1
1758|1757|5
1758|1753|3
1759|1758|1
1760|1759|3
1760|1756|1
1761|1760|1
1762|1761|5
1763|1762|3
1764|1763|2
1764|1762|1
1765|1764|4
1766|1765|2
1767|1766|2
1767|1762|1
1768|1767|4
1768|1763|2
1769|1768|2
1770|1769|1
1771|1770|4
1772|1771|5
1773|1772|1
1773|1768|2
1774|1773|1
1775|1774|4
1775|1770|1
1776|1775|1
1777|1776|2
1777|1774|2
1778|1777|3
1779|1778|4
1780|1779|4
1781|1780|4
1782|1781|3
1783|1782|3
1783|1780|2
1784|1783|5
1785|1784|4
1785|1780|2
1786|1785|1
1787|1786|4
1787|1785|1
1788|1787|3
1789|1788|4
1790|1789|3
1790|1786|2
1791|1790|5
1791|1787|3
1792|1791|5
1793|1792|1
1793|1788|1
1794|1793|4
1795|1794|2
1795|1792|2
1796|1795|5
1797|1796|4
1798|1797|4
1799|1798|4
1799|1796|1
1800|1799|5
1801|1800|3
1802|1801|5
1803|1802|5
1804|1803|2
1804|1799|1
1805|1804|1
1806|1805|1
1807|1806|5
1808|1807|4
1809|1808|4
1809|1806|1
1810|1809|5
1811|1810|3
1812|1811|5
1812|1808|2
1813|1812|5
1814|1813|5
1814|1811|2
1815|1814|4
1816|1815|1
1817|1816|5
1818|1817|5
1819|1818|4
1819|1816|2
1820|1819|5
1821|1820|5
1822|1821|1
1823|1822|4
1824|1823|4
1825|1824|1
1826|1825|4
1826|1821|1
1827|1826|2
1828|1827|3
1828|1824|3
1829|1828|1
1829|1825|3
1830|1829|3
1830|1825|3
1831|1830|3
1832|1831|3
1833|1832|4
1834|1833|5
1835|1834|1
1836|1835|4
1837|1836|3
1838|1837|5
1839|1838|1
1839|1834|1
1840|1839|5
1840|1835|1
1841|1840|1
1842|1841|2
1842|1838|2
1843|1842|2
1844|1843|1
1844|1841|2
1845|1844|4
1846|1845|3
1847|1846|3
1848|1847|5
1849|1848|5
1850|1849|2
1851|1850|3
1852|1851|4
1853|1852|1
1853|1850|1
1854|1853|1
1854|1852|2
1855|1854|5
1856|1855|5
1857|1856|3
1858|1857|2
1859|1858|5
1859|1855|3
1860|1859|4
1860|1856|3
1861|1860|5
1861|1856|2
1862|1861|3
1863|1862|2
1863|1859|3
1864|1863|3
1865|1864|3
1865|1860|2
1866|1865|3
1867|1866|3
1868|1867|3
1868|1866|1
1869|1868|4
1870|1869|3
1871|1870|4
1872|1871|4
1872|1867|2
1873|1872|3
1873|1869|3
1874|1873|2
1875|1874|3
1876|1875|4
1877|1876|5
1878|1877|4
1878|1873|3
1879|1878|5
1880|1879|5
1880|1875|2
1881|1880|5
1882|1881|2
1882|1880|1
1883|1882|5
1884|1883|2
1885|1884|4
1885|1882|1
1886|1885|4
1887|1886|1
1888|1887|5
1889|1888|5
1890|1889|4
1891|1890|2
1891|1889|1
1892|1891|3
1892|1890|2
1893|1892|5
1894|1893|5
1895|1894|1
1896|1895|4
1896|1894|3
1897|1896|3
1898|1897|1
1898|1896|3
1899|1898|1
1899|1895|3
1900|1899|3
1901|1900|2
1901|1898|2
1902|1901|2
1903|1902|4
1904|1903|2
1905|1904|4
1905|1903|2
1906|1905|3
1907|1906|1
1908|1907|2
1909|1908|1
1909|1905|1
1910|1909|3
1911|1910|1
1912|1911|4
1913|1912|2
1913|1908|1
1914|1913|3
1915|1914|5
1916|1915|3
1916|1911|2
1917|1916|4
1917|1915|3
1918|1917|1
1918|1914|3
1919|1918|3
1920|1919|2
1921|1920|2
1922|1921|2
1923|1922|4
1924|1923|1
1925|1924|4
1926|1925|4
1926|1922|3
1927|1926|5
1928|1927|1
1929|1928|3
1929|1927|2
1930|1929|1
1930|1926|2
1931|1930|5
1932|1931|3
1932|1928|1
1933|1932|4
1933|1929|3
1934|1933|3
1934|1930|3
1935|1934|3
1936|1935|4
1936|1932|3
1937|1936|3
1938|1937|2
1939|1938|2
1940|1939|4
1941|1940|1
1941|1936|2
1942|1941|1
1943|1942|3
1944|1943|3
1945|1944|4
1946|1945|1
1947|1946|2
1948|1947|3
1949|1948|2
1950|1949|3
1951|1950|2
1952|1951|3
1952|1948|2
1953|1952|4
1954|1953|4
1955|1954|4
1956|1955|3
1957|1956|2
1958|1957|5
1959|1958|5
1960|1959|1
1960|1957|3
1961|1960|4
1962|1961|4
1963|1962|1
1963|1960|2
1964|1963|1
1964|1961|1
1965|1964|2
1966|1965|1
1967|1966|1
1968|1967|2
1969|1968|3
1969|1966|2
1970|1969|4
1971|1970|1
1972|1971|4
1972|1968|3
1973|1972|5
1973|1970|1
1974|1973|3
1974|1972|2
1975|1974|4
1976|1975|5
1977|1976|5
1977|1975|1
1978|1977|2
1978|1975|1
1979|1978|2
1980|1979|1
1981|1980|5
1981|1978|2
1982|1981|1
1983|1982|4
1984|1983|4
1985|1984|2
1986|1985|5
1987|1986|2
1987|1985|2
1988|1987|4
1988|1985|2
1989|1988|4
1990|1989|5
1991|1990|1
1991|1986|3
1992|1991|4
1993|1992|5
1994|1993|4
1995|1994|2
1996|1995|5
1996|1992|1
1997|1996|1
1998|1997|5
1999|1998|2
1999|1996|3
