id|name|material
0|Component_0|Titânio
1|Component_1|Steel
2|Component_2|Plastic
3|Component_3|Steel
4|Component_4|Linen
5|Component_5|Wool
6|Component_6|Leather
7|Component_7|Steel
8|Component_8|Granite
9|Component_9|Rubber
10|Component_10|Marble
11|Component_11|Cotton
12|Component_12|Copper
13|Component_13|Copper
14|Component_14|Marble
15|Component_15|Titânio
16|Component_16|Silk
17|Component_17|Leather
18|Component_18|Bronze
19|Component_19|Silk
20|Component_20|Bronze
21|Component_21|Paper
22|Component_22|Cotton
23|Component_23|Concrete
24|Component_24|Linen
25|Component_25|Plastic
26|Component_26|Marble
27|Component_27|Granite
28|Component_28|Aluminum
29|Component_29|Wool
30|Component_30|Titânio
31|Component_31|Wooden
32|Component_32|Marble
33|Component_33|Plastic
34|Component_34|Concrete
35|Component_35|Leather
36|Component_36|Aluminum
37|Component_37|Paper
38|Component_38|Aluminum
39|Component_39|Steel
40|Component_40|Plastic
41|Component_41|Wool
42|Component_42|Aluminum
43|Component_43|Linen
44|Component_44|Rubber
45|Component_45|Titânio
46|Component_46|Paper
47|Component_47|Steel
48|Component_48|Wooden
49|Component_49|Paper
50|Component_50|Rubber
51|Component_51|Paper
52|Component_52|Bronze
53|Component_53|Linen
54|Component_54|Silk
55|Component_55|Linen
56|Component_56|Steel
57|Component_57|Plastic
58|Component_58|Linen
59|Component_59|Wool
60|Component_60|Titânio
61|Component_61|Concrete
62|Component_62|Iron
63|Component_63|Plastic
64|Component_64|Marble
65|Component_65|Iron
66|Component_66|Wooden
67|Component_67|Iron
68|Component_68|Aluminum
69|Component_69|Rubber
70|Component_70|Wooden
71|Component_71|Marble
72|Component_72|Copper
73|Component_73|Granite
74|Component_74|Cotton
75|Component_75|Titânio
76|Component_76|Plastic
77|Component_77|Rubber
78|Component_78|Concrete
79|Component_79|Linen
80|Component_80|Rubber
81|Component_81|Aluminum
82|Component_82|Aluminum
83|Component_83|Plastic
84|Component_84|Aluminum
85|Component_85|Marble
86|Component_86|Plastic
87|Component_87|Paper
88|Component_88|Wool
89|Component_89|Rubber
90|Component_90|Titânio
91|Component_91|Copper
92|Component_92|Silk
93|Component_93|Aluminum
94|Component_94|Leather
95|Component_95|Plastic
96|Component_96|Iron
97|Component_97|Plastic
98|Component_98|Plastic
99|Component_99|Copper
100|Component_100|Iron
101|Component_101|Granite
102|Component_102|Aluminum
103|Component_103|Linen
104|Component_104|Aluminum
105|Component_105|Titânio
106|Component_106|Rubber
107|Component_107|Wooden
108|Component_108|Rubber
109|Component_109|Marble
110|Component_110|Wool
111|Component_111|Silk
112|Component_112|Linen
113|Component_113|Leather
114|Component_114|Rubber
115|Component_115|Copper
116|Component_116|Linen
117|Component_117|Cotton
118|Component_118|Leather
119|Component_119|Concrete
120|Component_120|Titânio
121|Component_121|Silk
122|Component_122|Cotton
123|Component_123|Silk
124|Component_124|Wooden
125|Component_125|Iron
126|Component_126|Marble
127|Component_127|Rubber
128|Component_128|Iron
129|Component_129|Rubber
130|Component_130|Marble
131|Component_131|Copper
132|Component_132|Iron
133|Component_133|Concrete
134|Component_134|Iron
135|Component_135|Titânio
136|Component_136|Iron
137|Component_137|Bronze
138|Component_138|Marble
139|Component_139|Silk
140|Component_140|Leather
141|Component_141|Paper
142|Component_142|Marble
143|Component_143|Leather
144|Component_144|Cotton
145|Component_145|Rubber
146|Component_146|Granite
147|Component_147|Plastic
148|Component_148|Paper
149|Component_149|Marble
150|Component_150|Titânio
151|Component_151|Steel
152|Component_152|Marble
153|Component_153|Rubber
154|Component_154|Paper
155|Component_155|Cotton
156|Component_156|Copper
157|Component_157|Wool
158|Component_158|Bronze
159|Component_159|Marble
160|Component_160|Rubber
161|Component_161|Rubber
162|Component_162|Linen
163|Component_163|Paper
164|Component_164|Steel
165|Component_165|Titânio
166|Component_166|Paper
167|Component_167|Wool
168|Component_168|Leather
169|Component_169|Marble
170|Component_170|Wooden
171|Component_171|Silk
172|Component_172|Paper
173|Component_173|Bronze
174|Component_174|Copper
175|Component_175|Concrete
176|Component_176|Plastic
177|Component_177|Bronze
178|Component_178|Granite
179|Component_179|Steel
180|Component_180|Titânio
181|Component_181|Iron
182|Component_182|Steel
183|Component_183|Paper
184|Component_184|Paper
185|Component_185|Cotton
186|Component_186|Leather
187|Component_187|Paper
188|Component_188|Granite
189|Component_189|Aluminum
190|Component_190|Copper
191|Component_191|Rubber
192|Component_192|Cotton
193|Component_193|Leather
194|Component_194|Linen
195|Component_195|Titânio
196|Component_196|Steel
197|Component_197|Linen
198|Component_198|Iron
199|Component_199|Leather
200|Component_200|Leather
201|Component_201|Wooden
202|Component_202|Plastic
203|Component_203|Aluminum
204|Component_204|Linen
205|Component_205|Wool
206|Component_206|Wool
207|Component_207|Concrete
208|Component_208|Bronze
209|Component_209|Iron
210|Component_210|Titânio
211|Component_211|Wool
212|Component_212|Cotton
213|Component_213|Concrete
214|Component_214|Iron
215|Component_215|Iron
216|Component_216|Marble
217|Component_217|Steel
218|Component_218|Bronze
219|Component_219|Copper
220|Component_220|Linen
221|Component_221|Granite
222|Component_222|Cotton
223|Component_223|Rubber
224|Component_224|Marble
225|Component_225|Titânio
226|Component_226|Wool
227|Component_227|Iron
228|Component_228|Wool
229|Component_229|Cotton
230|Component_230|Silk
231|Component_231|Silk
232|Component_232|Cotton
233|Component_233|Wool
234|Component_234|Iron
235|Component_235|Aluminum
236|Component_236|Concrete
237|Component_237|Steel
238|Component_238|Steel
239|Component_239|Silk
240|Component_240|Titânio
241|Component_241|Rubber
242|Component_242|Iron
243|Component_243|Wool
244|Component_244|Wooden
245|Component_245|Plastic
246|Component_246|Wool
247|Component_247|Paper
248|Component_248|Iron
249|Component_249|Paper
250|Component_250|Plastic
251|Component_251|Wool
252|Component_252|Granite
253|Component_253|Leather
254|Component_254|Leather
255|Component_255|Titânio
256|Component_256|Copper
257|Component_257|Steel
258|Component_258|Plastic
259|Component_259|Steel
260|Component_260|Linen
261|Component_261|Silk
262|Component_262|Linen
263|Component_263|Paper
264|Component_264|Silk
265|Component_265|Rubber
266|Component_266|Iron
267|Component_267|Steel
268|Component_268|Iron
269|Component_269|Paper
270|Component_270|Titânio
271|Component_271|Marble
272|Component_272|Paper
273|Component_273|Concrete
274|Component_274|Silk
275|Component_275|Wooden
276|Component_276|Wool
277|Component_277|Wooden
278|Component_278|Bronze
279|Component_279|Iron
280|Component_280|Iron
281|Component_281|Bronze
282|Component_282|Bronze
283|Component_283|Paper
284|Component_284|Paper
285|Component_285|Titânio
286|Component_286|Leather
287|Component_287|Wooden
288|Component_288|Linen
289|Component_289|Wool
290|Component_290|Steel
291|Component_291|Cotton
292|Component_292|Granite
293|Component_293|Plastic
294|Component_294|Steel
295|Component_295|Bronze
296|Component_296|Steel
297|Component_297|Wool
298|Component_298|Rubber
299|Component_299|Wooden
300|Component_300|Titânio
301|Component_301|Wooden
302|Component_302|Granite
303|Component_303|Wooden
304|Component_304|Copper
305|Component_305|Silk
306|Component_306|Concrete
307|Component_307|Wooden
308|Component_308|Granite
309|Component_309|Leather
310|Component_310|Silk
311|Component_311|Steel
312|Component_312|Marble
313|Component_313|Iron
314|Component_314|Rubber
315|Component_315|Titânio
316|Component_316|Silk
317|Component_317|Linen
318|Component_318|Cotton
319|Component_319|Rubber
320|Component_320|Plastic
321|Component_321|Concrete
322|Component_322|Aluminum
323|Component_323|Paper
324|Component_324|Silk
325|Component_325|Wool
326|Component_326|Granite
327|Component_327|Linen
328|Component_328|Granite
329|Component_329|Plastic
330|Component_330|Titânio
331|Component_331|Bronze
332|Component_332|Aluminum
333|Component_333|Bronze
334|Component_334|Iron
335|Component_335|Iron
336|Component_336|Steel
337|Component_337|Copper
338|Component_338|Copper
339|Component_339|Concrete
340|Component_340|Granite
341|Component_341|Paper
342|Component_342|Granite
343|Component_343|Aluminum
344|Component_344|Wooden
345|Component_345|Titânio
346|Component_346|Cotton
347|Component_347|Aluminum
348|Component_348|Concrete
349|Component_349|Cotton
350|Component_350|Concrete
351|Component_351|Granite
352|Component_352|Paper
353|Component_353|Bronze
354|Component_354|Leather
355|Component_355|Plastic
356|Component_356|Granite
357|Component_357|Marble
358|Component_358|Aluminum
359|Component_359|Steel
360|Component_360|Titânio
361|Component_361|Iron
362|Component_362|Granite
363|Component_363|Iron
364|Component_364|Steel
365|Component_365|Cotton
366|Component_366|Cotton
367|Component_367|Rubber
368|Component_368|Silk
369|Component_369|Concrete
370|Component_370|Linen
371|Component_371|Granite
372|Component_372|Rubber
373|Component_373|Paper
374|Component_374|Steel
375|Component_375|Titânio
376|Component_376|Silk
377|Component_377|Rubber
378|Component_378|Wooden
379|Component_379|Granite
380|Component_380|Cotton
381|Component_381|Aluminum
382|Component_382|Silk
383|Component_383|Silk
384|Component_384|Aluminum
385|Component_385|Cotton
386|Component_386|Rubber
387|Component_387|Marble
388|Component_388|Granite
389|Component_389|Concrete
390|Component_390|Titânio
391|Component_391|Paper
392|Component_392|Rubber
393|Component_393|Granite
394|Component_394|Rubber
395|Component_395|Iron
396|Component_396|Steel
397|Component_397|Iron
398|Component_398|Aluminum
399|Component_399|Bronze
400|Component_400|Linen
401|Component_401|Bronze
402|Component_402|Granite
403|Component_403|Wooden
404|Component_404|Steel
405|Component_405|Titânio
406|Component_406|Cotton
407|Component_407|Cotton
408|Component_408|Plastic
409|Component_409|Rubber
410|Component_410|Granite
411|Component_411|Rubber
412|Component_412|Aluminum
413|Component_413|Silk
414|Component_414|Copper
415|Component_415|Granite
416|Component_416|Aluminum
417|Component_417|Linen
418|Component_418|Concrete
419|Component_419|Linen
420|Component_420|Titânio
421|Component_421|Concrete
422|Component_422|Cotton
423|Component_423|Wool
424|Component_424|Silk
425|Component_425|Paper
426|Component_426|Concrete
427|Component_427|Wool
428|Component_428|Aluminum
429|Component_429|Rubber
430|Component_430|Copper
431|Component_431|Wooden
432|Component_432|Aluminum
433|Component_433|Cotton
434|Component_434|Silk
435|Component_435|Titânio
436|Component_436|Plastic
437|Component_437|Granite
438|Component_438|Wooden
439|Component_439|Iron
440|Component_440|Plastic
441|Component_441|Plastic
442|Component_442|Marble
443|Component_443|Granite
444|Component_444|Wool
445|Component_445|Wooden
446|Component_446|Leather
447|Component_447|Copper
448|Component_448|Marble
449|Component_449|Marble
450|Component_450|Titânio
451|Component_451|Cotton
452|Component_452|Linen
453|Component_453|Copper
454|Component_454|Iron
455|Component_455|Granite
456|Component_456|Plastic
457|Component_457|Linen
458|Component_458|Wool
459|Component_459|Iron
460|Component_460|Rubber
461|Component_461|Wool
462|Component_462|Wooden
463|Component_463|Cotton
464|Component_464|Leather
465|Component_465|Titânio
466|Component_466|Iron
467|Component_467|Linen
468|Component_468|Copper
469|Component_469|Iron
470|Component_470|Copper
471|Component_471|Leather
472|Component_472|Linen
473|Component_473|Leather
474|Component_474|Wooden
475|Component_475|Aluminum
476|Component_476|Leather
477|Component_477|Marble
478|Component_478|Granite
479|Component_479|Paper
480|Component_480|Titânio
481|Component_481|Paper
482|Component_482|Marble
483|Component_483|Concrete
484|Component_484|Copper
485|Component_485|Wool
486|Component_486|Aluminum
487|Component_487|Leather
488|Component_488|Concrete
489|Component_489|Steel
490|Component_490|Leather
491|Component_491|Cotton
492|Component_492|Linen
493|Component_493|Copper
494|Component_494|Granite
495|Component_495|Titânio
496|Component_496|Rubber
497|Component_497|Rubber
498|Component_498|Aluminum
499|Component_499|Iron
500|Component_500|Wooden
501|Component_501|Steel
502|Component_502|Wooden
503|Component_503|Copper
504|Component_504|Iron
505|Component_505|Plastic
506|Component_506|Silk
507|Component_507|Granite
508|Component_508|Iron
509|Component_509|Wool
510|Component_510|Titânio
511|Component_511|Granite
512|Component_512|Plastic
513|Component_513|Aluminum
514|Component_514|Leather
515|Component_515|Steel
516|Component_516|Bronze
517|Component_517|Iron
518|Component_518|Linen
519|Component_519|Granite
520|Component_520|Steel
521|Component_521|Plastic
522|Component_522|Paper
523|Component_523|Concrete
524|Component_524|Iron
525|Component_525|Titânio
526|Component_526|Leather
527|Component_527|Aluminum
528|Component_528|Aluminum
529|Component_529|Copper
530|Component_530|Rubber
531|Component_531|Leather
532|Component_532|Concrete
533|Component_533|Aluminum
534|Component_534|Silk
535|Component_535|Copper
536|Component_536|Wooden
537|Component_537|Granite
538|Component_538|Linen
539|Component_539|Plastic
540|Component_540|Titânio
541|Component_541|Silk
542|Component_542|Silk
543|Component_543|Marble
544|Component_544|Marble
545|Component_545|Silk
546|Component_546|Marble
547|Component_547|Plastic
548|Component_548|Iron
549|Component_549|Iron
550|Component_550|Bronze
551|Component_551|Granite
552|Component_552|Steel
553|Component_553|Rubber
554|Component_554|Copper
555|Component_555|Titânio
556|Component_556|Concrete
557|Component_557|Concrete
558|Component_558|Aluminum
559|Component_559|Leather
560|Component_560|Wool
561|Component_561|Wool
562|Component_562|Paper
563|Component_563|Cotton
564|Component_564|Steel
565|Component_565|Wool
566|Component_566|Concrete
567|Component_567|Concrete
568|Component_568|Bronze
569|Component_569|Steel
570|Component_570|Titânio
571|Component_571|Copper
572|Component_572|Copper
573|Component_573|Bronze
574|Component_574|Silk
575|Component_575|Cotton
576|Component_576|Aluminum
577|Component_577|Aluminum
578|Component_578|Cotton
579|Component_579|Paper
580|Component_580|Wool
581|Component_581|Wooden
582|Component_582|Marble
583|Component_583|Paper
584|Component_584|Marble
585|Component_585|Titânio
586|Component_586|Granite
587|Component_587|Plastic
588|Component_588|Concrete
589|Component_589|Wooden
590|Component_590|Copper
591|Component_591|Steel
592|Component_592|Silk
593|Component_593|Cotton
594|Component_594|Wool
595|Component_595|Silk
596|Component_596|Aluminum
597|Component_597|Linen
598|Component_598|Concrete
599|Component_599|Bronze
600|Component_600|Titânio
601|Component_601|Rubber
602|Component_602|Linen
603|Component_603|Silk
604|Component_604|Linen
605|Component_605|Silk
606|Component_606|Paper
607|Component_607|Plastic
608|Component_608|Plastic
609|Component_609|Plastic
610|Component_610|Iron
611|Component_611|Silk
612|Component_612|Steel
613|Component_613|Marble
614|Component_614|Steel
615|Component_615|Titânio
616|Component_616|Concrete
617|Component_617|Concrete
618|Component_618|Silk
619|Component_619|Rubber
620|Component_620|Rubber
621|Component_621|Bronze
622|Component_622|Iron
623|Component_623|Cotton
624|Component_624|Iron
625|Component_625|Wool
626|Component_626|Plastic
627|Component_627|Leather
628|Component_628|Bronze
629|Component_629|Plastic
630|Component_630|Titânio
631|Component_631|Aluminum
632|Component_632|Rubber
633|Component_633|Paper
634|Component_634|Silk
635|Component_635|Cotton
636|Component_636|Rubber
637|Component_637|Concrete
638|Component_638|Marble
639|Component_639|Linen
640|Component_640|Iron
641|Component_641|Bronze
642|Component_642|Aluminum
643|Component_643|Marble
644|Component_644|Plastic
645|Component_645|Titânio
646|Component_646|Marble
647|Component_647|Iron
648|Component_648|Silk
649|Component_649|Plastic
650|Component_650|Granite
651|Component_651|Concrete
652|Component_652|Copper
653|Component_653|Steel
654|Component_654|Rubber
655|Component_655|Bronze
656|Component_656|Plastic
657|Component_657|Leather
658|Component_658|Aluminum
659|Component_659|Copper
660|Component_660|Titânio
661|Component_661|Bronze
662|Component_662|Silk
663|Component_663|Silk
664|Component_664|Wool
665|Component_665|Silk
666|Component_666|Cotton
667|Component_667|Marble
668|Component_668|Cotton
669|Component_669|Iron
670|Component_670|Iron
671|Component_671|Granite
672|Component_672|Steel
673|Component_673|Granite
674|Component_674|Iron
675|Component_675|Titânio
676|Component_676|Rubber
677|Component_677|Aluminum
678|Component_678|Cotton
679|Component_679|Wool
680|Component_680|Copper
681|Component_681|Marble
682|Component_682|Plastic
683|Component_683|Plastic
684|Component_684|Bronze
685|Component_685|Wooden
686|Component_686|Rubber
687|Component_687|Copper
688|Component_688|Steel
689|Component_689|Steel
690|Component_690|Titânio
691|Component_691|Silk
692|Component_692|Copper
693|Component_693|Plastic
694|Component_694|Copper
695|Component_695|Silk
696|Component_696|Aluminum
697|Component_697|Concrete
698|Component_698|Rubber
699|Component_699|Concrete
700|Component_700|Linen
701|Component_701|Granite
702|Component_702|Leather
703|Component_703|Silk
704|Component_704|Wooden
705|Component_705|Titânio
706|Component_706|Wooden
707|Component_707|Rubber
708|Component_708|Silk
709|Component_709|Iron
710|Component_710|Copper
711|Component_711|Marble
712|Component_712|Rubber
713|Component_713|Aluminum
714|Component_714|Bronze
715|Component_715|Plastic
716|Component_716|Aluminum
717|Component_717|Cotton
718|Component_718|Linen
719|Component_719|Concrete
720|Component_720|Titânio
721|Component_721|Granite
722|Component_722|Granite
723|Component_723|Wooden
724|Component_724|Wooden
725|Component_725|Linen
726|Component_726|Wool
727|Component_727|Aluminum
728|Component_728|Silk
729|Component_729|Iron
730|Component_730|Marble
731|Component_731|Rubber
732|Component_732|Leather
733|Component_733|Steel
734|Component_734|Paper
735|Component_735|Titânio
736|Component_736|Plastic
737|Component_737|Steel
738|Component_738|Granite
739|Component_739|Granite
740|Component_740|Iron
741|Component_741|Leather
742|Component_742|Cotton
743|Component_743|Bronze
744|Component_744|Bronze
745|Component_745|Granite
746|Component_746|Paper
747|Component_747|Marble
748|Component_748|Iron
749|Component_749|Iron
750|Component_750|Titânio
751|Component_751|Aluminum
752|Component_752|Wooden
753|Component_753|Wool
754|Component_754|Granite
755|Component_755|Bronze
756|Component_756|Silk
757|Component_757|Plastic
758|Component_758|Wooden
759|Component_759|Plastic
760|Component_760|Copper
761|Component_761|Linen
762|Component_762|Paper
763|Component_763|Marble
764|Component_764|Leather
765|Component_765|Titânio
766|Component_766|Cotton
767|Component_767|Paper
768|Component_768|Concrete
769|Component_769|Linen
770|Component_770|Iron
771|Component_771|Marble
772|Component_772|Marble
773|Component_773|Iron
774|Component_774|Rubber
775|Component_775|Leather
776|Component_776|Linen
777|Component_777|Copper
778|Component_778|Wool
779|Component_779|Aluminum
780|Component_780|Titânio
781|Component_781|Wooden
782|Component_782|Copper
783|Component_783|Marble
784|Component_784|Plastic
785|Component_785|Steel
786|Component_786|Wooden
787|Component_787|Concrete
788|Component_788|Plastic
789|Component_789|Concrete
790|Component_790|Wool
791|Component_791|Rubber
792|Component_792|Linen
793|Component_793|Linen
794|Component_794|Iron
795|Component_795|Titânio
796|Component_796|Cotton
797|Component_797|Aluminum
798|Component_798|Wooden
799|Component_799|Rubber
800|Component_800|Marble
801|Component_801|Cotton
802|Component_802|Wool
803|Component_803|Copper
804|Component_804|Silk
805|Component_805|Copper
806|Component_806|Steel
807|Component_807|Aluminum
808|Component_808|Silk
809|Component_809|Leather
810|Component_810|Titânio
811|Component_811|Granite
812|Component_812|Marble
813|Component_813|Wooden
814|Component_814|Marble
815|Component_815|Marble
816|Component_816|Silk
817|Component_817|Steel
818|Component_818|Wool
819|Component_819|Granite
820|Component_820|Wool
821|Component_821|Paper
822|Component_822|Bronze
823|Component_823|Concrete
824|Component_824|Copper
825|Component_825|Titânio
826|Component_826|Leather
827|Component_827|Copper
828|Component_828|Cotton
829|Component_829|Marble
830|Component_830|Plastic
831|Component_831|Granite
832|Component_832|Wool
833|Component_833|Cotton
834|Component_834|Linen
835|Component_835|Steel
836|Component_836|Cotton
837|Component_837|Concrete
838|Component_838|Paper
839|Component_839|Marble
840|Component_840|Titânio
841|Component_841|Cotton
842|Component_842|Rubber
843|Component_843|Wooden
844|Component_844|Wooden
845|Component_845|Iron
846|Component_846|Steel
847|Component_847|Rubber
848|Component_848|Cotton
849|Component_849|Wool
850|Component_850|Wooden
851|Component_851|Wool
852|Component_852|Plastic
853|Component_853|Marble
854|Component_854|Aluminum
855|Component_855|Titânio
856|Component_856|Concrete
857|Component_857|Cotton
858|Component_858|Copper
859|Component_859|Rubber
860|Component_860|Iron
861|Component_861|Bronze
862|Component_862|Granite
863|Component_863|Granite
864|Component_864|Wool
865|Component_865|Iron
866|Component_866|Granite
867|Component_867|Leather
868|Component_868|Bronze
869|Component_869|Plastic
870|Component_870|Titânio
871|Component_871|Wool
872|Component_872|Plastic
873|Component_873|Concrete
874|Component_874|Linen
875|Component_875|Leather
876|Component_876|Cotton
877|Component_877|Wooden
878|Component_878|Bronze
879|Component_879|Granite
880|Component_880|Concrete
881|Component_881|Leather
882|Component_882|Linen
883|Component_883|Aluminum
884|Component_884|Leather
885|Component_885|Titânio
886|Component_886|Aluminum
887|Component_887|Leather
888|Component_888|Cotton
889|Component_889|Granite
890|Component_890|Wool
891|Component_891|Wooden
892|Component_892|Rubber
893|Component_893|Iron
894|Component_894|Concrete
895|Component_895|Wooden
896|Component_896|Wooden
897|Component_897|Aluminum
898|Component_898|Bronze
899|Component_899|Cotton
900|Component_900|Titânio
901|Component_901|Rubber
902|Component_902|Linen
903|Component_903|Concrete
904|Component_904|Wool
905|Component_905|Rubber
906|Component_906|Bronze
907|Component_907|Aluminum
908|Component_908|Cotton
909|Component_909|Concrete
910|Component_910|Marble
911|Component_911|Iron
912|Component_912|Copper
913|Component_913|Marble
914|Component_914|Iron
915|Component_915|Titânio
916|Component_916|Wool
917|Component_917|Copper
918|Component_918|Marble
919|Component_919|Granite
920|Component_920|Bronze
921|Component_921|Wooden
922|Component_922|Cotton
923|Component_923|Linen
924|Component_924|Wool
925|Component_925|Iron
926|Component_926|Granite
927|Component_927|Plastic
928|Component_928|Rubber
929|Component_929|Concrete
930|Component_930|Titânio
931|Component_931|Wooden
932|Component_932|Bronze
933|Component_933|Steel
934|Component_934|Aluminum
935|Component_935|Aluminum
936|Component_936|Plastic
937|Component_937|Bronze
938|Component_938|Bronze
939|Component_939|Wool
940|Component_940|Marble
941|Component_941|Silk
942|Component_942|Aluminum
943|Component_943|Wool
944|Component_944|Bronze
945|Component_945|Titânio
946|Component_946|Bronze
947|Component_947|Aluminum
948|Component_948|Leather
949|Component_949|Copper
950|Component_950|Cotton
951|Component_951|Wool
952|Component_952|Steel
953|Component_953|Cotton
954|Component_954|Plastic
955|Component_955|Marble
956|Component_956|Plastic
957|Component_957|Iron
958|Component_958|Paper
959|Component_959|Copper
960|Component_960|Titânio
961|Component_961|Plastic
962|Component_962|Concrete
963|Component_963|Marble
964|Component_964|Leather
965|Component_965|Silk
966|Component_966|Bronze
967|Component_967|Iron
968|Component_968|Bronze
969|Component_969|Wooden
970|Component_970|Granite
971|Component_971|Marble
972|Component_972|Wool
973|Component_973|Silk
974|Component_974|Wooden
975|Component_975|Titânio
976|Component_976|Rubber
977|Component_977|Paper
978|Component_978|Concrete
979|Component_979|Rubber
980|Component_980|Silk
981|Component_981|Steel
982|Component_982|Cotton
983|Component_983|Silk
984|Component_984|Silk
985|Component_985|Silk
986|Component_986|Steel
987|Component_987|Marble
988|Component_988|Iron
989|Component_989|Wooden
990|Component_990|Titânio
991|Component_991|Cotton
992|Component_992|Aluminum
993|Component_993|Wool
994|Component_994|Cotton
995|Component_995|Linen
996|Component_996|Silk
997|Component_997|Marble
998|Component_998|Concrete
999|Component_999|Plastic
1000|Component_1000|Concrete
1001|Component_1001|Plastic
1002|Component_1002|Linen
1003|Component_1003|Iron
1004|Component_1004|Plastic
1005|Component_1005|Titânio
1006|Component_1006|Cotton
1007|Component_1007|Plastic
1008|Component_1008|Steel
1009|Component_1009|Copper
1010|Component_1010|Iron
1011|Component_1011|Bronze
1012|Component_1012|Wool
1013|Component_1013|Marble
1014|Component_1014|Concrete
1015|Component_1015|Iron
1016|Component_1016|Linen
1017|Component_1017|Cotton
1018|Component_1018|Copper
1019|Component_1019|Copper
1020|Component_1020|Titânio
1021|Component_1021|Steel
1022|Component_1022|Wool
1023|Component_1023|Granite
1024|Component_1024|Wooden
1025|Component_1025|Plastic
1026|Component_1026|Silk
1027|Component_1027|Iron
1028|Component_1028|Aluminum
1029|Component_1029|Rubber
1030|Component_1030|Leather
1031|Component_1031|Concrete
1032|Component_1032|Cotton
1033|Component_1033|Iron
1034|Component_1034|Wool
1035|Component_1035|Titânio
1036|Component_1036|Wool
1037|Component_1037|Wool
1038|Component_1038|Iron
1039|Component_1039|Marble
1040|Component_1040|Paper
1041|Component_1041|Leather
1042|Component_1042|Leather
1043|Component_1043|Leather
1044|Component_1044|Wooden
1045|Component_1045|Rubber
1046|Component_1046|Marble
1047|Component_1047|Granite
1048|Component_1048|Wooden
1049|Component_1049|Wool
1050|Component_1050|Titânio
1051|Component_1051|Paper
1052|Component_1052|Bronze
1053|Component_1053|Granite
1054|Component_1054|Steel
1055|Component_1055|Cotton
1056|Component_1056|Iron
1057|Component_1057|Steel
1058|Component_1058|Wool
1059|Component_1059|Bronze
1060|Component_1060|Wool
1061|Component_1061|Silk
1062|Component_1062|Bronze
1063|Component_1063|Copper
1064|Component_1064|Silk
1065|Component_1065|Titânio
1066|Component_1066|Plastic
1067|Component_1067|Bronze
1068|Component_1068|Granite
1069|Component_1069|Leather
1070|Component_1070|Steel
1071|Component_1071|Aluminum
1072|Component_1072|Steel
1073|Component_1073|Granite
1074|Component_1074|Iron
1075|Component_1075|Granite
1076|Component_1076|Concrete
1077|Component_1077|Rubber
1078|Component_1078|Leather
1079|Component_1079|Wooden
1080|Component_1080|Titânio
1081|Component_1081|Iron
1082|Component_1082|Steel
1083|Component_1083|Concrete
1084|Component_1084|Plastic
1085|Component_1085|Iron
1086|Component_1086|Linen
1087|Component_1087|Cotton
1088|Component_1088|Granite
1089|Component_1089|Copper
1090|Component_1090|Wooden
1091|Component_1091|Concrete
1092|Component_1092|Cotton
1093|Component_1093|Aluminum
1094|Component_1094|Cotton
1095|Component_1095|Titânio
1096|Component_1096|Linen
1097|Component_1097|Concrete
1098|Component_1098|Granite
1099|Component_1099|Aluminum
1100|Component_1100|Paper
1101|Component_1101|Aluminum
1102|Component_1102|Marble
1103|Component_1103|Wooden
1104|Component_1104|Concrete
1105|Component_1105|Wool
1106|Component_1106|Silk
1107|Component_1107|Aluminum
1108|Component_1108|Iron
1109|Component_1109|Paper
1110|Component_1110|Titânio
1111|Component_1111|Iron
1112|Component_1112|Paper
1113|Component_1113|Wool
1114|Component_1114|Wooden
1115|Component_1115|Cotton
1116|Component_1116|Linen
1117|Component_1117|Concrete
1118|Component_1118|Wool
1119|Component_1119|Wool
1120|Component_1120|Wool
1121|Component_1121|Copper
1122|Component_1122|Silk
1123|Component_1123|Paper
1124|Component_1124|Wooden
1125|Component_1125|Titânio
1126|Component_1126|Bronze
1127|Component_1127|Leather
1128|Component_1128|Wooden
1129|Component_1129|Bronze
1130|Component_1130|Granite
1131|Component_1131|Granite
1132|Component_1132|Leather
1133|Component_1133|Rubber
1134|Component_1134|Bronze
1135|Component_1135|Paper
1136|Component_1136|Granite
1137|Component_1137|Linen
1138|Component_1138|Concrete
1139|Component_1139|Wooden
1140|Component_1140|Titânio
1141|Component_1141|Bronze
1142|Component_1142|Wooden
1143|Component_1143|Silk
1144|Component_1144|Plastic
1145|Component_1145|Cotton
1146|Component_1146|Granite
1147|Component_1147|Aluminum
1148|Component_1148|Granite
1149|Component_1149|Aluminum
1150|Component_1150|Steel
1151|Component_1151|Plastic
1152|Component_1152|Aluminum
1153|Component_1153|Plastic
1154|Component_1154|Plastic
1155|Component_1155|Titânio
1156|Component_1156|Paper
1157|Component_1157|Silk
1158|Component_1158|Copper
1159|Component_1159|Bronze
1160|Component_1160|Linen
1161|Component_1161|Paper
1162|Component_1162|Iron
1163|Component_1163|Bronze
1164|Component_1164|Cotton
1165|Component_1165|Concrete
1166|Component_1166|Iron
1167|Component_1167|Aluminum
1168|Component_1168|Aluminum
1169|Component_1169|Marble
1170|Component_1170|Titânio
1171|Component_1171|Copper
1172|Component_1172|Paper
1173|Component_1173|Linen
1174|Component_1174|Plastic
1175|Component_1175|Silk
1176|Component_1176|Linen
1177|Component_1177|Rubber
1178|Component_1178|Iron
1179|Component_1179|Wooden
1180|Component_1180|Copper
1181|Component_1181|Rubber
1182|Component_1182|Marble
1183|Component_1183|Bronze
1184|Component_1184|Rubber
1185|Component_1185|Titânio
1186|Component_1186|Aluminum
1187|Component_1187|Copper
1188|Component_1188|Paper
1189|Component_1189|Bronze
1190|Component_1190|Marble
1191|Component_1191|Steel
1192|Component_1192|Bronze
1193|Component_1193|Steel
1194|Component_1194|Marble
1195|Component_1195|Aluminum
1196|Component_1196|Marble
1197|Component_1197|Wooden
1198|Component_1198|Copper
1199|Component_1199|Marble
1200|Component_1200|Titânio
1201|Component_1201|Marble
1202|Component_1202|Aluminum
1203|Component_1203|Silk
1204|Component_1204|Concrete
1205|Component_1205|Paper
1206|Component_1206|Concrete
1207|Component_1207|Paper
1208|Component_1208|Iron
1209|Component_1209|Rubber
1210|Component_1210|Wooden
1211|Component_1211|Wool
1212|Component_1212|Marble
1213|Component_1213|Concrete
1214|Component_1214|Iron
1215|Component_1215|Titânio
1216|Component_1216|Wooden
1217|Component_1217|Iron
1218|Component_1218|Aluminum
1219|Component_1219|Silk
1220|Component_1220|Wool
1221|Component_1221|Silk
1222|Component_1222|Bronze
1223|Component_1223|Granite
1224|Component_1224|Iron
1225|Component_1225|Wool
1226|Component_1226|Silk
1227|Component_1227|Aluminum
1228|Component_1228|Bronze
1229|Component_1229|Aluminum
1230|Component_1230|Titânio
1231|Component_1231|Plastic
1232|Component_1232|Linen
1233|Component_1233|Silk
1234|Component_1234|Leather
1235|Component_1235|Wooden
1236|Component_1236|Copper
1237|Component_1237|Copper
1238|Component_1238|Rubber
1239|Component_1239|Marble
1240|Component_1240|Wool
1241|Component_1241|Plastic
1242|Component_1242|Iron
1243|Component_1243|Silk
1244|Component_1244|Cotton
1245|Component_1245|Titânio
1246|Component_1246|Copper
1247|Component_1247|Bronze
1248|Component_1248|Plastic
1249|Component_1249|Plastic
1250|Component_1250|Cotton
1251|Component_1251|Iron
1252|Component_1252|Concrete
1253|Component_1253|Leather
1254|Component_1254|Paper
1255|Component_1255|Concrete
1256|Component_1256|Steel
1257|Component_1257|Wool
1258|Component_1258|Concrete
1259|Component_1259|Marble
1260|Component_1260|Titânio
1261|Component_1261|Cotton
1262|Component_1262|Silk
1263|Component_1263|Paper
1264|Component_1264|Silk
1265|Component_1265|Plastic
1266|Component_1266|Linen
1267|Component_1267|Granite
1268|Component_1268|Leather
1269|Component_1269|Silk
1270|Component_1270|Granite
1271|Component_1271|Copper
1272|Component_1272|Paper
1273|Component_1273|Iron
1274|Component_1274|Leather
1275|Component_1275|Titânio
1276|Component_1276|Iron
1277|Component_1277|Leather
1278|Component_1278|Wool
1279|Component_1279|Silk
1280|Component_1280|Rubber
1281|Component_1281|Concrete
1282|Component_1282|Rubber
1283|Component_1283|Wool
1284|Component_1284|Cotton
1285|Component_1285|Bronze
1286|Component_1286|Bronze
1287|Component_1287|Wool
1288|Component_1288|Bronze
1289|Component_1289|Copper
1290|Component_1290|Titânio
1291|Component_1291|Cotton
1292|Component_1292|Granite
1293|Component_1293|Plastic
1294|Component_1294|Wool
1295|Component_1295|Cotton
1296|Component_1296|Rubber
1297|Component_1297|Copper
1298|Component_1298|Iron
1299|Component_1299|Marble
1300|Component_1300|Rubber
1301|Component_1301|Cotton
1302|Component_1302|Paper
1303|Component_1303|Iron
1304|Component_1304|Leather
1305|Component_1305|Titânio
1306|Component_1306|Wool
1307|Component_1307|Paper
1308|Component_1308|Plastic
1309|Component_1309|Concrete
1310|Component_1310|Paper
1311|Component_1311|Wooden
1312|Component_1312|Steel
1313|Component_1313|Concrete
1314|Component_1314|Silk
1315|Component_1315|Bronze
1316|Component_1316|Granite
1317|Component_1317|Marble
1318|Component_1318|Aluminum
1319|Component_1319|Aluminum
1320|Component_1320|Titânio
1321|Component_1321|Aluminum
1322|Component_1322|Wooden
1323|Component_1323|Steel
1324|Component_1324|Silk
1325|Component_1325|Copper
1326|Component_1326|Wooden
1327|Component_1327|Rubber
1328|Component_1328|Silk
1329|Component_1329|Cotton
1330|Component_1330|Aluminum
1331|Component_1331|Wool
1332|Component_1332|Cotton
1333|Component_1333|Iron
1334|Component_1334|Wool
1335|Component_1335|Titânio
1336|Component_1336|Marble
1337|Component_1337|Silk
1338|Component_1338|Iron
1339|Component_1339|Linen
1340|Component_1340|Copper
1341|Component_1341|Silk
1342|Component_1342|Silk
1343|Component_1343|Steel
1344|Component_1344|Steel
1345|Component_1345|Plastic
1346|Component_1346|Leather
1347|Component_1347|Wooden
1348|Component_1348|Paper
1349|Component_1349|Bronze
1350|Component_1350|Titânio
1351|Component_1351|Bronze
1352|Component_1352|Plastic
1353|Component_1353|Granite
1354|Component_1354|Aluminum
1355|Component_1355|Leather
1356|Component_1356|Leather
1357|Component_1357|Rubber
1358|Component_1358|Linen
1359|Component_1359|Silk
1360|Component_1360|Concrete
1361|Component_1361|Plastic
1362|Component_1362|Steel
1363|Component_1363|Bronze
1364|Component_1364|Bronze
1365|Component_1365|Titânio
1366|Component_1366|Plastic
1367|Component_1367|Linen
1368|Component_1368|Concrete
1369|Component_1369|Plastic
1370|Component_1370|Bronze
1371|Component_1371|Silk
1372|Component_1372|Aluminum
1373|Component_1373|Cotton
1374|Component_1374|Iron
1375|Component_1375|Wooden
1376|Component_1376|Cotton
1377|Component_1377|Linen
1378|Component_1378|Aluminum
1379|Component_1379|Marble
1380|Component_1380|Titânio
1381|Component_1381|Concrete
1382|Component_1382|Bronze
1383|Component_1383|Copper
1384|Component_1384|Silk
1385|Component_1385|Cotton
1386|Component_1386|Aluminum
1387|Component_1387|Concrete
1388|Component_1388|Leather
1389|Component_1389|Aluminum
1390|Component_1390|Aluminum
1391|Component_1391|Leather
1392|Component_1392|Iron
1393|Component_1393|Silk
1394|Component_1394|Wool
1395|Component_1395|Titânio
1396|Component_1396|Leather
1397|Component_1397|Cotton
1398|Component_1398|Plastic
1399|Component_1399|Marble
1400|Component_1400|Concrete
1401|Component_1401|Aluminum
1402|Component_1402|Concrete
1403|Component_1403|Aluminum
1404|Component_1404|Wool
1405|Component_1405|Paper
1406|Component_1406|Wooden
1407|Component_1407|Granite
1408|Component_1408|Rubber
1409|Component_1409|Granite
1410|Component_1410|Titânio
1411|Component_1411|Steel
1412|Component_1412|Marble
1413|Component_1413|Granite
1414|Component_1414|Aluminum
1415|Component_1415|Plastic
1416|Component_1416|Aluminum
1417|Component_1417|Iron
1418|Component_1418|Wooden
1419|Component_1419|Rubber
1420|Component_1420|Leather
1421|Component_1421|Aluminum
1422|Component_1422|Concrete
1423|Component_1423|Rubber
1424|Component_1424|Wool
1425|Component_1425|Titânio
1426|Component_1426|Wooden
1427|Component_1427|Bronze
1428|Component_1428|Aluminum
1429|Component_1429|Aluminum
1430|Component_1430|Iron
1431|Component_1431|Aluminum
1432|Component_1432|Wooden
1433|Component_1433|Wool
1434|Component_1434|Rubber
1435|Component_1435|Aluminum
1436|Component_1436|Marble
1437|Component_1437|Concrete
1438|Component_1438|Granite
1439|Component_1439|Cotton
1440|Component_1440|Titânio
1441|Component_1441|Silk
1442|Component_1442|Wool
1443|Component_1443|Wool
1444|Component_1444|Iron
1445|Component_1445|Plastic
1446|Component_1446|Aluminum
1447|Component_1447|Rubber
1448|Component_1448|Wool
1449|Component_1449|Steel
1450|Component_1450|Wool
1451|Component_1451|Aluminum
1452|Component_1452|Wool
1453|Component_1453|Copper
1454|Component_1454|Wooden
1455|Component_1455|Titânio
1456|Component_1456|Plastic
1457|Component_1457|Rubber
1458|Component_1458|Steel
1459|Component_1459|Bronze
1460|Component_1460|Copper
1461|Component_1461|Granite
1462|Component_1462|Wool
1463|Component_1463|Wooden
1464|Component_1464|Rubber
1465|Component_1465|Paper
1466|Component_1466|Leather
1467|Component_1467|Rubber
1468|Component_1468|Wooden
1469|Component_1469|Steel
1470|Component_1470|Titânio
1471|Component_1471|Steel
1472|Component_1472|Wooden
1473|Component_1473|Silk
1474|Component_1474|Silk
1475|Component_1475|Rubber
1476|Component_1476|Plastic
1477|Component_1477|Wooden
1478|Component_1478|Concrete
1479|Component_1479|Silk
1480|Component_1480|Wooden
1481|Component_1481|Granite
1482|Component_1482|Linen
1483|Component_1483|Leather
1484|Component_1484|Copper
1485|Component_1485|Titânio
1486|Component_1486|Bronze
1487|Component_1487|Aluminum
1488|Component_1488|Bronze
1489|Component_1489|Concrete
1490|Component_1490|Bronze
1491|Component_1491|Wooden
1492|Component_1492|Iron
1493|Component_1493|Silk
1494|Component_1494|Iron
1495|Component_1495|Aluminum
1496|Component_1496|Silk
1497|Component_1497|Linen
1498|Component_1498|Cotton
1499|Component_1499|Aluminum
1500|Component_1500|Titânio
1501|Component_1501|Concrete
1502|Component_1502|Leather
1503|Component_1503|Rubber
1504|Component_1504|Cotton
1505|Component_1505|Leather
1506|Component_1506|Linen
1507|Component_1507|Cotton
1508|Component_1508|Linen
1509|Component_1509|Linen
1510|Component_1510|Leather
1511|Component_1511|Granite
1512|Component_1512|Marble
1513|Component_1513|Wooden
1514|Component_1514|Aluminum
1515|Component_1515|Titânio
1516|Component_1516|Wool
1517|Component_1517|Plastic
1518|Component_1518|Iron
1519|Component_1519|Marble
1520|Component_1520|Linen
1521|Component_1521|Bronze
1522|Component_1522|Wool
1523|Component_1523|Copper
1524|Component_1524|Silk
1525|Component_1525|Rubber
1526|Component_1526|Plastic
1527|Component_1527|Steel
1528|Component_1528|Bronze
1529|Component_1529|Rubber
1530|Component_1530|Titânio
1531|Component_1531|Linen
1532|Component_1532|Aluminum
1533|Component_1533|Linen
1534|Component_1534|Iron
1535|Component_1535|Wool
1536|Component_1536|Silk
1537|Component_1537|Granite
1538|Component_1538|Concrete
1539|Component_1539|Wool
1540|Component_1540|Concrete
1541|Component_1541|Granite
1542|Component_1542|Iron
1543|Component_1543|Marble
1544|Component_1544|Paper
1545|Component_1545|Titânio
1546|Component_1546|Plastic
1547|Component_1547|Wool
1548|Component_1548|Leather
1549|Component_1549|Leather
1550|Component_1550|Wool
1551|Component_1551|Paper
1552|Component_1552|Wooden
1553|Component_1553|Aluminum
1554|Component_1554|Wooden
1555|Component_1555|Cotton
1556|Component_1556|Copper
1557|Component_1557|Marble
1558|Component_1558|Iron
1559|Component_1559|Granite
1560|Component_1560|Titânio
1561|Component_1561|Wooden
1562|Component_1562|Concrete
1563|Component_1563|Plastic
1564|Component_1564|Cotton
1565|Component_1565|Wooden
1566|Component_1566|Plastic
1567|Component_1567|Iron
1568|Component_1568|Plastic
1569|Component_1569|Silk
1570|Component_1570|Bronze
1571|Component_1571|Granite
1572|Component_1572|Aluminum
1573|Component_1573|Rubber
1574|Component_1574|Copper
1575|Component_1575|Titânio
1576|Component_1576|Rubber
1577|Component_1577|Cotton
1578|Component_1578|Paper
1579|Component_1579|Copper
1580|Component_1580|Steel
1581|Component_1581|Plastic
1582|Component_1582|Linen
1583|Component_1583|Steel
1584|Component_1584|Silk
1585|Component_1585|Steel
1586|Component_1586|Leather
1587|Component_1587|Steel
1588|Component_1588|Silk
1589|Component_1589|Bronze
1590|Component_1590|Titânio
1591|Component_1591|Cotton
1592|Component_1592|Rubber
1593|Component_1593|Paper
1594|Component_1594|Steel
1595|Component_1595|Cotton
1596|Component_1596|Aluminum
1597|Component_1597|Concrete
1598|Component_1598|Wool
1599|Component_1599|Silk
1600|Component_1600|Wool
1601|Component_1601|Aluminum
1602|Component_1602|Aluminum
1603|Component_1603|Bronze
1604|Component_1604|Granite
1605|Component_1605|Titânio
1606|Component_1606|Cotton
1607|Component_1607|Linen
1608|Component_1608|Copper
1609|Component_1609|Wooden
1610|Component_1610|Marble
1611|Component_1611|Marble
1612|Component_1612|Concrete
1613|Component_1613|Marble
1614|Component_1614|Granite
1615|Component_1615|Granite
1616|Component_1616|Aluminum
1617|Component_1617|Silk
1618|Component_1618|Linen
1619|Component_1619|Marble
1620|Component_1620|Titânio
1621|Component_1621|Iron
1622|Component_1622|Cotton
1623|Component_1623|Silk
1624|Component_1624|Granite
1625|Component_1625|Cotton
1626|Component_1626|Rubber
1627|Component_1627|Plastic
1628|Component_1628|Aluminum
1629|Component_1629|Copper
1630|Component_1630|Leather
1631|Component_1631|Wooden
1632|Component_1632|Silk
1633|Component_1633|Cotton
1634|Component_1634|Wool
1635|Component_1635|Titânio
1636|Component_1636|Wooden
1637|Component_1637|Cotton
1638|Component_1638|Silk
1639|Component_1639|Marble
1640|Component_1640|Copper
1641|Component_1641|Leather
1642|Component_1642|Rubber
1643|Component_1643|Paper
1644|Component_1644|Granite
1645|Component_1645|Plastic
1646|Component_1646|Aluminum
1647|Component_1647|Concrete
1648|Component_1648|Paper
1649|Component_1649|Paper
1650|Component_1650|Titânio
1651|Component_1651|Cotton
1652|Component_1652|Paper
1653|Component_1653|Bronze
1654|Component_1654|Iron
1655|Component_1655|Plastic
1656|Component_1656|Aluminum
1657|Component_1657|Linen
1658|Component_1658|Paper
1659|Component_1659|Marble
1660|Component_1660|Linen
1661|Component_1661|Plastic
1662|Component_1662|Silk
1663|Component_1663|Copper
1664|Component_1664|Cotton
1665|Component_1665|Titânio
1666|Component_1666|Wooden
1667|Component_1667|Wooden
1668|Component_1668|Granite
1669|Component_1669|Wool
1670|Component_1670|Copper
1671|Component_1671|Aluminum
1672|Component_1672|Wool
1673|Component_1673|Copper
1674|Component_1674|Wool
1675|Component_1675|Marble
1676|Component_1676|Copper
1677|Component_1677|Iron
1678|Component_1678|Plastic
1679|Component_1679|Cotton
1680|Component_1680|Titânio
1681|Component_1681|Leather
1682|Component_1682|Steel
1683|Component_1683|Leather
1684|Component_1684|Iron
1685|Component_1685|Aluminum
1686|Component_1686|Silk
1687|Component_1687|Bronze
1688|Component_1688|Concrete
1689|Component_1689|Iron
1690|Component_1690|Aluminum
1691|Component_1691|Concrete
1692|Component_1692|Wooden
1693|Component_1693|Bronze
1694|Component_1694|Bronze
1695|Component_1695|Titânio
1696|Component_1696|Iron
1697|Component_1697|Silk
1698|Component_1698|Copper
1699|Component_1699|Bronze
1700|Component_1700|Paper
1701|Component_1701|Rubber
1702|Component_1702|Rubber
1703|Component_1703|Copper
1704|Component_1704|Plastic
1705|Component_1705|Paper
1706|Component_1706|Aluminum
1707|Component_1707|Marble
1708|Component_1708|Copper
1709|Component_1709|Leather
1710|Component_1710|Titânio
1711|Component_1711|Leather
1712|Component_1712|Cotton
1713|Component_1713|Linen
1714|Component_1714|Silk
1715|Component_1715|Linen
1716|Component_1716|Bronze
1717|Component_1717|Bronze
1718|Component_1718|Steel
1719|Component_1719|Aluminum
1720|Component_1720|Granite
1721|Component_1721|Wooden
1722|Component_1722|Concrete
1723|Component_1723|Marble
1724|Component_1724|Copper
1725|Component_1725|Titânio
1726|Component_1726|Copper
1727|Component_1727|Plastic
1728|Component_1728|Aluminum
1729|Component_1729|Wool
1730|Component_1730|Copper
1731|Component_1731|Bronze
1732|Component_1732|Copper
1733|Component_1733|Silk
1734|Component_1734|Granite
1735|Component_1735|Plastic
1736|Component_1736|Aluminum
1737|Component_1737|Silk
1738|Component_1738|Wool
1739|Component_1739|Steel
1740|Component_1740|Titânio
1741|Component_1741|Rubber
1742|Component_1742|Paper
1743|Component_1743|Paper
1744|Component_1744|Wooden
1745|Component_1745|Iron
1746|Component_1746|Leather
1747|Component_1747|Copper
1748|Component_1748|Cotton
1749|Component_1749|Plastic
1750|Component_1750|Aluminum
1751|Component_1751|Concrete
1752|Component_1752|Linen
1753|Component_1753|Aluminum
1754|Component_1754|Rubber
1755|Component_1755|Titânio
1756|Component_1756|Copper
1757|Component_1757|Bronze
1758|Component_1758|Wool
1759|Component_1759|Bronze
1760|Component_1760|Bronze
1761|Component_1761|Silk
1762|Component_1762|Linen
1763|Component_1763|Wool
1764|Component_1764|Cotton
1765|Component_1765|Cotton
1766|Component_1766|Steel
1767|Component_1767|Granite
1768|Component_1768|Linen
1769|Component_1769|Steel
1770|Component_1770|Titânio
1771|Component_1771|Steel
1772|Component_1772|Plastic
1773|Component_1773|Copper
1774|Component_1774|Plastic
1775|Component_1775|Steel
1776|Component_1776|Wool
1777|Component_1777|Aluminum
1778|Component_1778|Marble
1779|Component_1779|Leather
1780|Component_1780|Rubber
1781|Component_1781|Silk
1782|Component_1782|Rubber
1783|Component_1783|Silk
1784|Component_1784|Paper
1785|Component_1785|Titânio
1786|Component_1786|Iron
1787|Component_1787|Linen
1788|Component_1788|Aluminum
1789|Component_1789|Linen
1790|Component_1790|Steel
1791|Component_1791|Bronze
1792|Component_1792|Bronze
1793|Component_1793|Copper
1794|Component_1794|Cotton
1795|Component_1795|Plastic
1796|Component_1796|Iron
1797|Component_1797|Steel
1798|Component_1798|Granite
1799|Component_1799|Rubber
1800|Component_1800|Titânio
1801|Component_1801|Cotton
1802|Component_1802|Aluminum
1803|Component_1803|Leather
1804|Component_1804|Leather
1805|Component_1805|Copper
1806|Component_1806|Bronze
1807|Component_1807|Silk
1808|Component_1808|Bronze
1809|Component_1809|Rubber
1810|Component_1810|Paper
1811|Component_1811|Granite
1812|Component_1812|Marble
1813|Component_1813|Steel
1814|Component_1814|Concrete
1815|Component_1815|Titânio
1816|Component_1816|Leather
1817|Component_1817|Paper
1818|Component_1818|Cotton
1819|Component_1819|Linen
1820|Component_1820|Marble
1821|Component_1821|Rubber
1822|Component_1822|Paper
1823|Component_1823|Plastic
1824|Component_1824|Bronze
1825|Component_1825|Plastic
1826|Component_1826|Steel
1827|Component_1827|Steel
1828|Component_1828|Aluminum
1829|Component_1829|Wooden
1830|Component_1830|Titânio
1831|Component_1831|Aluminum
1832|Component_1832|Silk
1833|Component_1833|Aluminum
1834|Component_1834|Granite
1835|Component_1835|Copper
1836|Component_1836|Silk
1837|Component_1837|Granite
1838|Component_1838|Concrete
1839|Component_1839|Steel
1840|Component_1840|Granite
1841|Component_1841|Wool
1842|Component_1842|Wooden
1843|Component_1843|Granite
1844|Component_1844|Bronze
1845|Component_1845|Titânio
1846|Component_1846|Plastic
1847|Component_1847|Steel
1848|Component_1848|Paper
1849|Component_1849|Silk
1850|Component_1850|Copper
1851|Component_1851|Marble
1852|Component_1852|Leather
1853|Component_1853|Paper
1854|Component_1854|Granite
1855|Component_1855|Granite
1856|Component_1856|Concrete
1857|Component_1857|Cotton
1858|Component_1858|Wooden
1859|Component_1859|Wool
1860|Component_1860|Titânio
1861|Component_1861|Linen
1862|Component_1862|Copper
1863|Component_1863|Granite
1864|Component_1864|Granite
1865|Component_1865|Steel
1866|Component_1866|Wool
1867|Component_1867|Aluminum
1868|Component_1868|Concrete
1869|Component_1869|Plastic
1870|Component_1870|Iron
1871|Component_1871|Linen
1872|Component_1872|Steel
1873|Component_1873|Silk
1874|Component_1874|Leather
1875|Component_1875|Titânio
1876|Component_1876|Linen
1877|Component_1877|Wooden
1878|Component_1878|Marble
1879|Component_1879|Paper
1880|Component_1880|Iron
1881|Component_1881|Paper
1882|Component_1882|Concrete
1883|Component_1883|Linen
1884|Component_1884|Steel
1885|Component_1885|Marble
1886|Component_1886|Granite
1887|Component_1887|Linen
1888|Component_1888|Leather
1889|Component_1889|Copper
1890|Component_1890|Titânio
1891|Component_1891|Linen
1892|Component_1892|Steel
1893|Component_1893|Granite
1894|Component_1894|Wool
1895|Component_1895|Marble
1896|Component_1896|Steel
1897|Component_1897|Granite
1898|Component_1898|Linen
1899|Component_1899|Granite
1900|Component_1900|Leather
1901|Component_1901|Linen
1902|Component_1902|Cotton
1903|Component_1903|Steel
1904|Component_1904|Aluminum
1905|Component_1905|Titânio
1906|Component_1906|Linen
1907|Component_1907|Copper
1908|Component_1908|Wooden
1909|Component_1909|Linen
1910|Component_1910|Plastic
1911|Component_1911|Bronze
1912|Component_1912|Silk
1913|Component_1913|Plastic
1914|Component_1914|Linen
1915|Component_1915|Copper
1916|Component_1916|Wooden
1917|Component_1917|Marble
1918|Component_1918|Paper
1919|Component_1919|Aluminum
1920|Component_1920|Titânio
1921|Component_1921|Steel
1922|Component_1922|Wool
1923|Component_1923|Linen
1924|Component_1924|Aluminum
1925|Component_1925|Bronze
1926|Component_1926|Marble
1927|Component_1927|Steel
1928|Component_1928|Bronze
1929|Component_1929|Copper
1930|Component_1930|Wool
1931|Component_1931|Rubber
1932|Component_1932|Silk
1933|Component_1933|Aluminum
1934|Component_1934|Linen
1935|Component_1935|Titânio
1936|Component_1936|Granite
1937|Component_1937|Marble
1938|Component_1938|Wool
1939|Component_1939|Cotton
1940|Component_1940|Marble
1941|Component_1941|Granite
1942|Component_1942|Linen
1943|Component_1943|Iron
1944|Component_1944|Silk
1945|Component_1945|Iron
1946|Component_1946|Leather
1947|Component_1947|Plastic
1948|Component_1948|Paper
1949|Component_1949|Wool
1950|Component_1950|Titânio
1951|Component_1951|Leather
1952|Component_1952|Iron
1953|Component_1953|Cotton
1954|Component_1954|Wool
1955|Component_1955|Marble
1956|Component_1956|Steel
1957|Component_1957|Leather
1958|Component_1958|Silk
1959|Component_1959|Linen
1960|Component_1960|Cotton
1961|Component_1961|Cotton
1962|Component_1962|Cotton
1963|Component_1963|Concrete
1964|Component_1964|Paper
1965|Component_1965|Titânio
1966|Component_1966|Leather
1967|Component_1967|Rubber
1968|Component_1968|Cotton
1969|Component_1969|Cotton
1970|Component_1970|Leather
1971|Component_1971|Marble
1972|Component_1972|Leather
1973|Component_1973|Copper
1974|Component_1974|Granite
1975|Component_1975|Wooden
1976|Component_1976|Bronze
1977|Component_1977|Granite
1978|Component_1978|Leather
1979|Component_1979|Wool
1980|Component_1980|Titânio
1981|Component_1981|Steel
1982|Component_1982|Wool
1983|Component_1983|Bronze
1984|Component_1984|Linen
1985|Component_1985|Bronze
1986|Component_1986|Wooden
1987|Component_1987|Wooden
1988|Component_1988|Granite
1989|Component_1989|Granite
1990|Component_1990|Cotton
1991|Component_1991|Paper
1992|Component_1992|Cotton
1993|Component_1993|Granite
1994|Component_1994|Marble
1995|Component_1995|Titânio
1996|Component_1996|Leather
1997|Component_1997|Plastic
1998|Component_1998|Rubber
1999|Component_1999|Bronze
